/*
Navicat MySQL Data Transfer

Source Server         : localhost_3306
Source Server Version : 50711
Source Host           : localhost:3306
Source Database       : trip

Target Server Type    : MYSQL
Target Server Version : 50711
File Encoding         : 65001

Date: 2020-04-23 00:30:56
*/

SET FOREIGN_KEY_CHECKS=0;

-- ----------------------------
-- Table structure for total_data
-- ----------------------------
DROP TABLE IF EXISTS `total_data`;
CREATE TABLE `total_data` (
  `userId` int(11) NOT NULL AUTO_INCREMENT,
  `allWalk` varchar(255) DEFAULT NULL,
  `allRun` varchar(255) DEFAULT NULL,
  `allCycle` varchar(255) DEFAULT NULL,
  `allDrive` varchar(255) DEFAULT NULL,
  `allBus` varchar(255) DEFAULT NULL,
  `allTaxi` varchar(255) DEFAULT NULL,
  PRIMARY KEY (`userId`)
) ENGINE=InnoDB AUTO_INCREMENT=3 DEFAULT CHARSET=utf8;

-- ----------------------------
-- Records of total_data
-- ----------------------------
INSERT INTO `total_data` VALUES ('1', '10.31', '98.00', '70.12', '120.21', '232.66', '32.12');
INSERT INTO `total_data` VALUES ('2', '10.3', '40.7', '33.94', '33.5', '5.8', '12.4');

-- ----------------------------
-- Table structure for trip_data
-- ----------------------------
DROP TABLE IF EXISTS `trip_data`;
CREATE TABLE `trip_data` (
  `id` int(11) NOT NULL AUTO_INCREMENT,
  `userId` int(11) NOT NULL,
  `type` varchar(255) DEFAULT NULL,
  `tripType` varchar(255) DEFAULT NULL,
  `distance` varchar(255) DEFAULT NULL,
  `date` date DEFAULT NULL,
  `time` varchar(255) DEFAULT NULL,
  `trajectory` text,
  `Calorie` varchar(255) DEFAULT NULL,
  `speed` varchar(255) DEFAULT NULL,
  `price` varchar(255) DEFAULT NULL,
  `startPlace` varchar(255) DEFAULT NULL,
  `endPlace` varchar(255) DEFAULT NULL,
  `startCode` varchar(255) DEFAULT NULL,
  `endCode` varchar(255) DEFAULT NULL,
  `mark` varchar(255) DEFAULT NULL,
  PRIMARY KEY (`id`)
) ENGINE=InnoDB AUTO_INCREMENT=286 DEFAULT CHARSET=utf8;

-- ----------------------------
-- Records of trip_data
-- ----------------------------
INSERT INTO `trip_data` VALUES ('1', '1', 'traffic', '公交/地铁', '8.23', '2019-12-27', '12:31:49', null, null, null, '0', '长沙理工大学(金盆岭校区)', '长沙火车站', '112.977045, 28.155794', '113.013714, 28.193858', '未备注');
INSERT INTO `trip_data` VALUES ('2', '1', 'traffic', '公交/地铁', '5.71', '2019-12-27', '12:45:8', null, null, null, '4', '涂家冲(地铁站)', '桂花坪地铁站4号口', '112.984784, 28.153165', '112.988678, 28.099891', '未备注');
INSERT INTO `trip_data` VALUES ('3', '1', 'traffic', '单车/电车', '2.14', '2019-12-31', '20:36:46', null, null, null, '0', '长沙理工大学云塘校区', '尚双塘(地铁站)', '113.008967, 28.067724', '112.992268, 28.0619', '未备注');
INSERT INTO `trip_data` VALUES ('259', '1', 'traffic', '公交/地铁', '18.57', '2020-01-09', '18:04:50', null, null, null, '0', '长沙理工大学云塘校区', '五一广场', '113.008967, 28.067724', '112.97734, 28.1965', '未备注');
INSERT INTO `trip_data` VALUES ('260', '1', 'traffic', '出租车', '7.14', '2020-01-09', '18:05:46', null, null, null, '0', '长沙理工大学(金盆岭校区)', '黄兴广场', '112.977045, 28.155794', '112.976519, 28.18852', '未备注');
INSERT INTO `trip_data` VALUES ('261', '1', 'traffic', '单车/电车', '3.64', '2020-01-09', '18:06:29', null, null, null, '0', '五一广场', '长沙火车站', '112.97734, 28.1965', '113.013714, 28.193858', '未备注');
INSERT INTO `trip_data` VALUES ('262', '1', 'traffic', '单车/电车', '7.86', '2020-01-09', '18:08:10', null, null, null, '0', '长沙汽车西站(西南门)', '五一广场', '112.913295, 28.20571', '112.97734, 28.1965', '未备注');
INSERT INTO `trip_data` VALUES ('263', '1', 'trip', '徒步出行', '0.00', '2020-02-25', '00:03', '[[-3.43597299999999,55.378051],[-3.43597299999999,55.378051]]', '0.0', '0.00', null, null, null, null, null, '未备注');
INSERT INTO `trip_data` VALUES ('264', '1', 'trip', '徒步出行', '12.00', '2020-02-25', '00:32', '[[139.650311,35.676192],[139.650311,35.676192]]', '0.0', '0.00', null, null, null, null, null, '未备注');
INSERT INTO `trip_data` VALUES ('265', '1', 'trip', '徒步出行', '0.00', '2020-03-02', '00:03', '[[139.650311,35.676192],[139.650311,35.676192]]', '0.0', '0.00', null, null, null, null, null, '未备注');
INSERT INTO `trip_data` VALUES ('266', '1', 'traffic', '步行', '2.13', '2020-03-02', '20:29:48', null, null, null, '0', '长沙理工大学云塘校区', '尚双塘(地铁站)', '113.008967, 28.067724', '112.992268, 28.0619', '未备注');
INSERT INTO `trip_data` VALUES ('267', '1', 'trip', '徒步出行', '0.00', '2020-03-03', '00:13', '[[139.650311,35.676192],[139.650311,35.676192],[139.650311,35.676192]]', '0.0', '0.00', null, null, null, null, null, '未备注');
INSERT INTO `trip_data` VALUES ('268', '1', 'trip', '徒步出行', '0.00', '2020-03-03', '00:06', '[[139.650311,35.676192],[139.650311,35.676192],[139.650311,35.676192]]', '0.0', '0.00', null, null, null, null, null, '未备注');
INSERT INTO `trip_data` VALUES ('269', '1', 'trip', '跑步出行', '20.00', '2020-03-03', '00:06', '[[139.650311,35.676192],[139.650311,35.676192]]', '0.0', '0.00', null, null, null, null, null, '未备注');
INSERT INTO `trip_data` VALUES ('270', '1', 'traffic', '公交/地铁', '15.35', '2020-03-04', '16:19:1', null, null, null, '5', '长沙理工大学云塘校区', '长沙理工大学(金盆岭校区)', '113.008967, 28.067724', '112.977045, 28.155794', '未备注');
INSERT INTO `trip_data` VALUES ('271', '1', 'trip', '徒步出行', '0.00', '2020-03-04', '00:08', '[[139.650311,35.676192],[139.650311,35.676192],[139.650311,35.676192]]', '0.0', '0.00', null, null, null, null, null, '未备注');
INSERT INTO `trip_data` VALUES ('272', '1', 'traffic', '出租车', '13.06', '2020-03-05', '15:42:28', null, null, null, '10', '长沙理工大学云塘校区', '长沙理工大学(金盆岭校区)', '113.008967, 28.067724', '112.977045, 28.155794', '未备注');
INSERT INTO `trip_data` VALUES ('273', '1', 'traffic', '公交/地铁', '8.23', '2020-03-05', '15:50:30', null, null, null, '3', '长沙理工大学(金盆岭校区)', '长沙火车站', '112.977045, 28.155794', '113.013714, 28.193858', '未备注');
INSERT INTO `trip_data` VALUES ('274', '1', 'traffic', '单车/电车', '10.21', '2020-03-06', '19:40:7', null, null, null, '2', '长沙南站', '长沙火车站', '113.06551, 28.147093', '113.013714, 28.193858', '未备注');
INSERT INTO `trip_data` VALUES ('275', '1', 'trip', '徒步出行', '0.00', '2020-03-06', '00:05', '[[103.81983600000001,1.352083],[103.81983600000001,1.352083]]', '0.0', '0.00', null, null, null, null, null, '未备注');
INSERT INTO `trip_data` VALUES ('276', '1', 'traffic', '公交/地铁', '15.35', '2020-04-04', '16:36:49', null, null, null, '0', '长沙理工大学云塘校区', '长沙理工大学(金盆岭校区)', '113.008967, 28.067724', '112.977045, 28.155794', '未备注');
INSERT INTO `trip_data` VALUES ('277', '1', 'trip', '跑步出行', '12', '2020-04-20', '00:08', '[[112.9812367079,28.148172471789],[112.9812367079,28.148172471789]]', '0.0', '0.00', null, null, null, null, null, '未备注');
INSERT INTO `trip_data` VALUES ('278', '1', 'traffic', '公交/地铁', '9.76', '2020-04-20', '17:44:59', null, null, null, '0', '长沙南站', '长沙火车站', '113.06551, 28.147093', '113.013714, 28.193858', '未备注');
INSERT INTO `trip_data` VALUES ('279', '1', 'trip', '徒步出行', '9.76', '2020-04-19', '30:12:22', '[[112.981267632379,28.148293457032],[112.981267632379,28.148293457032],[112.981267632379,28.148293457032]]', '0.0', '0.00', null, null, null, '113.06551, 28.147093', '113.013714, 28.193858', '未备注');
INSERT INTO `trip_data` VALUES ('280', '1', 'traffic', '公交/地铁', '14.26', '2020-04-20', '18:6:33', null, null, null, '3', '长沙理工大学云塘校区', '长沙理工大学(金盆岭校区)', '113.008967, 28.067724', '112.977045, 28.155794', '上学');
INSERT INTO `trip_data` VALUES ('281', '1', 'trip', '徒步出行', '0.00', '2020-04-20', '00:11', '[[112.98090359157999,28.148488769532],[112.98090359157999,28.148488769532],[112.98090359157999,28.148488769532]]', '0.0', '0.00', null, null, null, null, null, '买菜');
INSERT INTO `trip_data` VALUES ('282', '1', 'traffic', '公交/地铁', '14.26', '2020-04-20', '18:15:29', null, null, null, '3', '长沙理工大学云塘校区', '长沙理工大学(金盆岭校区)', '113.008967, 28.067724', '112.977045, 28.155794', '上学');
INSERT INTO `trip_data` VALUES ('283', '1', 'trip', '徒步出行', '0.00', '2020-04-20', '00:11', '[[112.98107611762202,28.148419867622],[112.98107611762202,28.148419867622],[112.98107611762202,28.148419867622]]', '0.0', '0.00', null, null, null, null, null, '买菜');
INSERT INTO `trip_data` VALUES ('284', '1', 'traffic', '公交/地铁', '14.26', '2020-04-20', '18:19:34', null, null, null, '3', '长沙理工大学云塘校区', '长沙理工大学(金盆岭校区)', '113.008967, 28.067724', '112.977045, 28.155794', '上学');
INSERT INTO `trip_data` VALUES ('285', '2', 'traffic', '单车/电车', '16.04', '2020-04-21', '15:51:58', null, null, null, '10', '长沙理工大学云塘校区', '长沙火车站', '113.008967, 28.067724', '113.013714, 28.193858', '未备注');

-- ----------------------------
-- Table structure for user
-- ----------------------------
DROP TABLE IF EXISTS `user`;
CREATE TABLE `user` (
  `userId` int(11) NOT NULL AUTO_INCREMENT,
  `userName` varchar(255) DEFAULT NULL,
  `passWord` varchar(255) DEFAULT NULL,
  PRIMARY KEY (`userId`)
) ENGINE=InnoDB AUTO_INCREMENT=4 DEFAULT CHARSET=utf8;

-- ----------------------------
-- Records of user
-- ----------------------------
INSERT INTO `user` VALUES ('1', '18773816666', '12345');
INSERT INTO `user` VALUES ('2', '13117413333', '12345');

-- ----------------------------
-- Table structure for user_info
-- ----------------------------
DROP TABLE IF EXISTS `user_info`;
CREATE TABLE `user_info` (
  `name` varchar(255) DEFAULT NULL,
  `userId` int(11) NOT NULL AUTO_INCREMENT,
  `userName` varchar(255) DEFAULT NULL,
  `passWord` varchar(255) DEFAULT NULL,
  `avatar` mediumtext,
  PRIMARY KEY (`userId`) USING BTREE
) ENGINE=InnoDB AUTO_INCREMENT=10 DEFAULT CHARSET=utf8;

-- ----------------------------
-- Records of user_info
-- ----------------------------
INSERT INTO `user_info` VALUES ('小吉', '1', '18773816666', '12345', 'data:image/jpeg;base64,/9j/4AAQSkZJRgABAQAAAQABAAD/2wBDAAUDBAQEAwUEBAQFBQUGBwwIBwcHBw8LCwkMEQ8SEhEPERETFhwXExQaFRERGCEYGh0dHx8fExciJCIeJBweHx7/2wBDAQUFBQcGBw4ICA4eFBEUHh4eHh4eHh4eHh4eHh4eHh4eHh4eHh4eHh4eHh4eHh4eHh4eHh4eHh4eHh4eHh4eHh7/wAARCABkAGQDASIAAhEBAxEB/8QAHAAAAQUBAQEAAAAAAAAAAAAAAAIFBgcIBAED/8QASBAAAQMDAQQGBAoGCAcAAAAAAwEEBQACBhEHEyExEhQjQVFhFTNDkQgiJDJTY3GDsfBCc6GjwdEWFyVigZPD00RScna04/H/xAAaAQACAwEBAAAAAAAAAAAAAAAAAwECBAUG/8QAIxEAAgMAAgEDBQAAAAAAAAAAAAECAxEEIRITM0EUIiMxYf/aAAwDAQACEQMRAD8A1hjk7HT0UKQi5AT1vf7QNMu1PC2udYk4gnV6iLd2jVyPgoiJ3/n+FRt9gTvGMiLk2z0gg2uFRZKHMugnWnHsl9mXzqeYtOtJ+ORy2tIK+xeiUJfWDu8LvGgCN7I5iVe4+WKyMNop2JNa0fqiab1f0TfeaKtT7REVeCe6mwjAKSI36dJHFqdBVRNOnTjd3edACu5a4YpkFiy6uD5mvOu6qm2j7QW4hNcdxKaj3WRSjzqw9y4GTqNiesORNV4D4rpVHNIEtLXS2xE7qX0bfCs6Znlme4lKoCOy5cmkCW9P0PZj6IrUH0uouK0rFtouePY51KM746c9Hk0lIVI4rWREn+75cqT9TEZ6UsNELzo1176hmBZ3j+bMEdw7tVPamh2peBgL4EHrqi8vfUx4rpxRPDROVNhZ5oW1gqoXtGzNriQG9lgOuy78m6j2AdN45JT7OyCxwFNY1I5dadmEftKiuB4a5Yy7rKcidpI5E/t6BCpxE0F9CL+f5ViYEPXYoPJVWa2hyks6nXC9Ilsc6Ubdvb3CtTwt48fOirxREROFFToHOzdAdD3rY9l4/wC7SepB6z1nRd5518G8WzCqXtrOrrpyGqU4onLvXTmvNagBKInzlTVdeFF3JNOPhS1rgk7LzNzAG4UBCD7MvR+ZQBUedux5LtRLiBshdtWTGKuembRjndHvKq8i+W7/ABqmtleZDwqcHLJjRo/DcpKVGz50UZDIok4k/VJT3ikhHws1gchoBrJq/dQ2RCUqdaKXVe1L94H9tWlsMgIKY2ORDZ1HNH7Cxy5vao7GhbV7Yia8ayyi5sZFZ2V7hktl8bjEnnlmONiMXV/pCVK7v+VOrU04NfAQtfa+dOs1Ori+2J06aREvItXcGEj9ItohVUu99aX7qrpzvH/6QYXKQLe4YL3bS5tZctqaWdJNKguxzCrLYDJHGQuI6cf5CcjeTO2JqEoRIoBD/wAr8aS+NFoYrT5PsXwvOmTafC3ES8ot42lGJN0VfOujGshyHGsricXnJZJ9jNKUce+uEgytiBH0lEVE5r586b8baJglzHCJFwIrW+4voR3ut2hbLV9UX63tPvffXbtMhnM1jesUVASkWT0jHl05uBd2nhxrHGyVM8+BrhGcdLZvEJSoRbUW5E419bdLUXT7dKiWzbJmea4jH5I1REtdBRSC19UXT44189fxqRSJTWCTcN94TTgncldeEtWmNppnbRVeuI7ae5Kpm+WQ0YK7ja29G77d+XS140UzWGFg2pyTwSlrzrxOde1JAUlUTjqiL9tKpK86AM07ENl0BkmKzstKrca6cyAxb011VBiP6reJ85OzWrsnYJyRtENYWVvhGjB0MlwgD+KUVqJ2WncnCod8HjRgxyzFi6o6g8idBT4umoirvhL7irUg22lmWuy+fcY44M3lAtOmEgfWKtQkkW0nVvNdE8/wqK4ZdjDW+Qx3GxtgeiTL1toCxEQRCrvP51BcdxFzmMUCXe7WMhnI50HpJawIJqMnd7GvNgsbDNcrzpzirRuGCtdtGLW8V3SQpQiuUq/vLanoqSXbBir3MMdbCinghP4uQDINbSLqIpRLqgyf3V1/CmvB8iFkUKklYzMzdCNe2dtCf8KcPsqtFLdbVVdFW5NVROHHxrNK5iTZ7le0FrKWicQzJ4j8BRpoZXbvtd19d/6q53K4/ljRopm10TLYLquV7QzthbqHvlRBCO5NPlQxIjpN3+jx6NXNrraiarqnBfOq2+D9ijzFdnjYEross+OR/IKqczFVdaspLUtXzrVUmopCrGt6BF4UULzop2itAffS6QPvpdSWCivFqLss3xR/lrjGWs0yvmmvrmvtbaAIPtNaSOIZnZtGhWhnrO9t1TIWLaxFKUKabpwPX9IXf5LVj45NxmRxopiFkAvmRxooyhXVLqeUVE81rL+ayjSOzt0PZEj2Plxm/tlwNEtilv8ArRe1L+qq8IObxA2kWpJbFdnEg/I9dY4IZDKt57WxCCGW7xustXSpvDRkfCsARkY0EzaNxpYMIrOiO1PzrWdtj3wlhzb4UbnLBvCWmTchkh3qoLy/RkX2S8e/9lXBmu0/C8ShklJvIWK2Ki7qxsRCkKvgNEXitTKtp4yvnFEslXoI6OO6dlCAQLN4QpSbsaear3Vl7YFg05nWRg2j5YqjjxSRX0eNPiq/dap23zeAuz4eOtN2Mv8ALtrhL8hymUCCPayF4m0C6YKVpdd9aLe6lROXv8aurAtoLgs2DF8jZN2MkUe9YFba9WdC/wBMnFeFWfHlm4TGxfBa1vRtRERETRERERNEpVyrp4LpQicuHLlSl/8AlZnu9A3qPh8p+r91FfbRPCijyIxhRrXFHMrGyesvKTvJf313Inv79KuWK1y/ac0gcjPCjx6amLmgbHDwjAO96si8tbf8Ne6qp2VOmcsw2QyDdxaS53LSzpyVU06Ze1/bVnbLC9c2obTH2vR/tBq21/VCVPwWqxBGDbbEz7Q2QrG71hkDrImyDRF0tUu6Lr91QBp7T3+NZj2VjtTGFW02hCO3ZNUt5L1otXHjG0bFMjQoWMtYN1YFLzNnKKE9nD6MlUPsZIewCAvTTfR4pD7d6Z0WujwItT7FXP7Sk3s0sFEZBHuWzd0KZJbuV+iTel/lStl07BY5Hyjm6LGs+vBgUyLeiJ/prxp/yhp6QwiPhrbRlfu5soQ7xPV9qfe0bORNWWyfKrigEQwiuxCKqfVcqZYl6hzHJpFwbEY9WmzeF3vaHKHrBLk71Ku91/e115IbpucQmGpk3LScaFQveoS9lp+9ruwsSxmGxbS/grePEH3aVF7rt1soxknS4IOJX9+GujZHKjXRJtGq+5OFeqvFeOiJXnhw4cK8ut6Wui6ca80zWhVFMJow28XoSLoKf8nZ8KKoA+qqoia8046JQmqLz5pzpmyedawcZe9drfensxi+ff8AZXPh9ksVqsjMrcJw5RLkaL7BfCrFiJ7QdlbbJ3LqQjMglsalnLXqxXMYXdb9PrvpPCq1z3CtpjbFYaCdsoqVxOP3SSEfA2FsduhCTl2yrvOXJK0wvPx86RQBnMF2L5sK4xWjKQKz4FG5bdq0+6L6mmzBsejoLMsiDFjI3akYMyhHvPVdq74VeuTYTjWRqppKIEZ0iaDdD1EVPvB8ap+OgW8FtMyqKau5B1a1jY9d69d70lvr9P412eJyFN+OCLV0UGdy9PmwgNACcFj3j90OwxN10+1UX8K9x8gF2HZYWwPQF6QVQi+i4CpvFJx8ZtVyB06E6MVvIvChVsPe9Pty137PxXPNnawO50FJ5MFmVfAfZf7X7KrJbfhz5rEaXcp0gJpx1XTh/wBVV/JLpsYxw3gGJ4ffhqfnu+TpbpxtTXXwqBFadZ2HR4tNN1Cty8vohIX8/ZXXvh+EfQsRq9e6o5kUweCH6QtZXuGXNzu+JbP8Nac3r0bQLZS39G0i9H7eVd16dK1NNFRV1XSvJNZptRwRcs0lWAn8W7C6aGt6Qy2XcLkoqCyuyZgd+VxGzshDhLd07mzW/QaXr85UTzoqm/wkjGwqcf5pmuVys6oymhHXVY+yy3ojDZ8blb4+dXfZy1ooqxY+lFFFACKoCQJd/Xbn3HkJhp/lUUVv4HuCrf0ZdGUlu1vL0Hcor9/I9pZwu9r31I/g+uTnzXGRGIpLb5GQPcl3ff1UPGiitT9859ho46dnd+fGoPHcNgLb/tJf/EWiiuvyPaHVGjJxk2f4o4bOhoQXV14L9i0ybEJl/PbO42QkyoZzeP41/R0140UV5Gfya0TqiiioIP/Z');
INSERT INTO `user_info` VALUES ('周日', '2', '13117413333', '12345', 'data:image/jpeg;base64,/9j/4AAQSkZJRgABAQEASABIAAD/2wBDAAMCAgMCAgMDAwMEAwMEBQgFBQQEBQoHBwYIDAoMDAsKCwsNDhIQDQ4RDgsLEBYQERMUFRUVDA8XGBYUGBIUFRT/2wBDAQMEBAUEBQkFBQkUDQsNFBQUFBQUFBQUFBQUFBQUFBQUFBQUFBQUFBQUFBQUFBQUFBQUFBQUFBQUFBQUFBQUFBT/wAARCAHCAcIDASIAAhEBAxEB/8QAHgAAAQMFAQEAAAAAAAAAAAAAAAECAwQFBwgJBgr/xABNEAABAwMCBAQDBQUFBAcHBQABAAIDBAURBiEHCBIxE0FRYSJxgQkUMpGhFSNCscEkM1LR8BZicuEXJUNTgqLxGTREY3OSshg1NlSD/8QAHAEAAQUBAQEAAAAAAAAAAAAAAAECAwQFBgcI/8QALxEAAgEDBAEFAAIBBAIDAAAAAAECAwQRBRIhMRMGIjJBURRhFTNCUnEjgTSR0f/aAAwDAQACEQMRAD8A6oIQhAAhCEACEIQAIQhAAhCEACEIQAIQhAAhCEACEIQAIQhAAhCEACEIQAh+SRzw0bnKcqSpkYJGg9+yAElulPBGXvlwwHBOFDXait1thdNVVcVPC0ZdJI4Na35k9lzj5o/tF7zYtY3rTWgWRxw2176aorZgcGQOLfg+oK0Z19zAa/4myn9vatuVSHZIiFQ4Mx6YykyKd5bNxb0fqOvFFadR265VhOPBpalkjwfQgHIXqYqhsjSRkfMYXADlg1RW2PmL0BVQTeCRXta/w2hvU3qGQcd8+pXfKlnMkTXk/FI0PI9MoTyIVE7w9jx6jC5m/aVc1V40zcItBaUu0tve6EffJaN2JACfw59/6LoPxF1rDoLRl9vtS0eDb6Z85Oe+GF39F8+nEbXNfxM1vetRV7nOmrqp0zOo5IYTkD8lFVeOx2S/8P8Aj3xE4bXc3DT2r7hTdZDpI5ZC5shHk9vYrbnht9qtqW0yQU+tLPDdKLoxJVW8eFMD6kdiFoeyEbZHzSSxv8N3R+JV1UTfAmTvVwX5idD8cbEyu0zdqeWToHiUbnhs7D6Fp3WVmMYQCD3AIXzoaH1dfOH12bddP1kluuMJEjahjjhu+SMdjldv+THizd+OXBCyanvkX3e4uc+GV/QWNmLTjraD5FTRTlLKFM9RR9DQVKTkpWOyzp9EndWWIyeL8SkPdRxfiUh7pBAQhCABCEIAEIQgAQhCABCEIAEIQgAQhCABCEIAEIQgAQhCABCEIAEIQgAQhCABCEIAEIQgAQhCABCEIAEIQgAQhCABCEIAEIQgBCqSoovHnDgcbhViQHBCAPn85mtIO0bx913bJuuONl1nqabrz8Ucjy4H/wA5WIw0yVzA05aBv7Lop9qnwYNvu1o19boQ9lYRQ12Bs1zfwuH+vNc74acx1HVGeth8019il70dcX2DWFjuMcroH0lXG4TNGS0F4ycL6EdL3mO4abtdZBO6eKeCJwc5uDjp3K+d2R/hTRuO3S9p29iu+HAyuNZwm0jIcHxLbE847dv+SqU203kDDv2iGvW6M5d9RQiRzau8ubQwYdvuPiOPlt9VxhpYwGQuP8LA3C6CfaycQPvGrNMaTilOKaI1T8fwlw/yXP8AiHTTt9cJK08vAhUt3OPbPzQZOnqDQS7tspGfCWuxnpG/uq3R1jrNY6jpLFbYJKivq5hE0RDJaSdlBCIHuuXHl/vPMFxIo7HQHwre0+JXTkH4Ixud/Jd0eGuiLboHSNssFpgFNbqGFscMeMYOBk491hDlG5arbwA4fwU0lMBf6xvi1spG7cj8A+S2Op6iOKL4QWhg+eVp04NYY4ruw2GAkL2g4JAXg+JfGrS/CXT7rvqS4w0NMwE9DpB1uPkGt7krQXi99q7UC/U8eh7C+C3Ryt8aquDWuc9oO4b6A/VSPA06eseI3dJO/dS9YJ7rHfCziHRcSdBWLUlDIJaW507ahhafwn+IfmvdwSBxHokwBU52QDlIfwj5oZ3+qQByEeZQgAQhCABCEIAEIQgAQhCABCEIAEIQgAQhCABCEIAEIQgAQhCABCEIAEIQgAQhCABCEIAEIQgAQhCABCEIAEIQgAQhB2QAKGZ5aNu6k6uyhm3cPRAGFuajhS3i3wT1NY2QePXGE1NIM4LZ2bjHz3H1XCIW6bT001vq4Hw1MEjmyh/+IHBX0eVkRlpnhvfH0x7rix9oDwzZw25gK8wweBSXVn3uMNb0s6u7sfUpGKaxVU378uP4Q7I/LK7kcm1+Go+XjRtTn4m0LInAnz63DH5Lh2+DqkJI2zkrrX9mvqsVvLi4VRJ/ZlwmjY4+TWx9X9VDhZD6NEftFNRm+8z2omhxLaNsNMN9h8AGP5Fa8w70zfbBwvc8db9/tbxi1ddnnxPvtzeWZ36WtGB/JeJ6DHT9fcDc7qlP5DlDcSNLw1zhnAIbsM910q+zh5RW6fp28S9TR9NxrAPuNLKMeEB/GR6rU7k05fpuPHF22Mngc/TtukFRWSEYa4A7Mz7rsw6e3aR034AEdPbqKIGRzukNiA9fLAU8F+idHonxwxuLpXCNoGTk74WsnNBzvaS4BUFXb7ZWR3zVHSeigiIc2n95CP5LWjmp+0UN3obppTh+ySJ+XU095c8dT29sx47DvuufbpZamsqaqapnnqZyHSTTvMjnY+auOptWOgye54rcbdV8cNR1F61LWmV/iZipmO/dQjy6QvEyNFQHNeAQ877DdIOwPhho9QhxyDvuRjKq+XEv6DGDoR9mBzJi31M/DK/1BjhlmL7fPK7PS7px0Ae/8/muntCepuQ8PLT0nAxuNl85+hNTXDQmsbPf7bKIqu31TJ2EfxAOyQR8gvoC4Ma3o+JHD+y6jonh0Nxp2T5BB3LRnOPNWYyUlwDWD3h/APmhvf6od+HbfCDsASnDR3mUJAc5wlQAIQhAAhCEACEIQAIQhAAhCEACEIQAIQhAAhCEACEIQAIQhAAhCEACEIQAISZ3SoAEIQgAQhCABCEIAEIQgAQhCABIUqCCgBg7KGXuFMonj4sIApqx7mU8nT3xhaSfaYcIm6u4PUuqaWDxrnZndT3NGXeE74T7+i3glALMELyWudO0eqLFVWqujbNSVcL4nscNtwcFAHz0zFxD8luMbFrs/mugXIxr6LS/KrxRd1YnojNMDns18RaP1atJ+M3DWt4UcR9Qacr2OjfRVLy1zRhrmEnB+oXqOFfEZul+D/ESwunmikvELIYPBd379RP+vNQyT7FMVVNQ64XWeWR2S5vi59Sd/wCquGntPVmq79a7NbaZ1bW1k7YYoGd3OKtVCz+0zfF1ANDQT54W8P2dHDex090vHE7UxpWW61te2nMh+KF3T+L57EfVU5RzwGWbm8v/AAhsPK1whbDXyRUssLTVXS4PIb4YwHOznv0+QC0G5vOeu6cXpq7TOk6mW3aUa98YmhaWPrsOGS//AHSM7e6s3ORzl3TjjdZrBYaySh0hDIGhrc/2o9iXHvjI81qvI7oLmhwc7ft+EfJXIx2rAEzGujk8R27nDBOMYwNlKB8Y77+yktlHUXOfwaWN1ZOP+ypx4jvyG6zVw45O+KfEmenNt0pcqSlcPirK6IwxsB8/iwcJtSOULFcowu8ERtB22UZ23x/NdHOFv2VTYKumqdeahmqGtHxU9rkdFt6EkbrZHRvIHwe0VWiaLQ9PeJ8hzKm5TGUs9+lxVfY8l17DjvpDhbrDXlS1tp05XV8BeAJIIHuA/Rdkfs/dC3/hvy72Wyahjlhr4qieQQzHJja5ww32A3wFnyy6WpLHRsprfR09BTRgNbDTRiNoH0V3pYWwyYAA9cBXILCKj5JWudh381L3jGUxpBDk5rg7YKQjHDsnIxhCABCEIAEIQgAQhCABCEIAEIQgAQhCABCEIAEIQgAQhCABCEIAEIQgBj39IyhruoeibN5fNJEdiB37oAlbuMpSAPNIHYG4wUZ3QAoQk6kZygA3Rul390b+6AE3SpCdu6a6VjcZKAHZRlU0lVG134sAeqpHXulbTiZtRGY+3WHZCALp5oJwM+Sxzr3jpo3hxTNqtQ6mtlrh6SeiapAe7Ho3clax6p+1R4Y2Saogt1DfL4yPJbU0wjjiJ9Opz8n6BJnA7a+zduSo6AHEfCo2XCOYkRHrI77YXLzV/wBrFe7pIX6a0XDbw3PRJcauSUY9cNbgfmsRam+0N47ajlmdSXFtrpnt+A0EIfk/7uW5UcqkYcMcoOXR2flrfCbkh3/2k4/JQC6Rl2CCzbPU7YLiJFzD8yGoYI20+pNT1Tpck+DC78tgMKnZZOY7UtUZaiu1c/rGMfeZG/rlQSuqcO2Tfx5YO28+o6CMlr66mafeZo/qrPdtbadoPDbX3y3Ucb84kqKqNjdvmVxWuPAnjhcQ51ZSX+uP+/Vuz+WVaZeWTi1XNidUaYvE7mHbxpC7H5qP+bS/Rf40jP8A9pDoS23e+0nELTVwobjTVRFJXCmq2y7jPS4AHtt+q0gp5HU8bo2Ahju/qssS8snFCnppIZ9L3BlO6QSlgO3WM4JGe+6tdw4Ka7oGB82k7nE0bZigP5nGVG7ym/8AcO8LR4Sld4ZyGnf8lUQXy4UNHNSw19VBS1GPFhhmc1smPIgHdVFw01drPIW1lDU0rs7tmYQR9CFbZIXdGC0hNjcRck8kckk8HsuEXCa+8dta02lLDHG+umZ1AzZEbGA7kkLobwr+zF0Zpimim1ZcZ9SXLvLT0sgbTx+3VjqK55cHuLmpuCusqe/6ZuH3OoYxzJYpg10MrD5OB8vkt39L/at0dNFAdTaEkMkDQyWqtlZ1iUgbu8NzRj6OKvRqRl0yJo3N4e8uPD3h1Gf2FpO3UJcADKYQ+Q48+s7rKbqZz42gu6gzsG/D/Jap6G+0h4NaqiiE90r7K6UjpbXUpY1pPkXkkLYbS/EzTmtLfFVWS+2+4wTDLHU9Sx5I+QPf2Tnngco7lwewoYHtj+PqOTtk5VcA5owANlR2+o/df3jTgdgVVCraRs4HZT8MRxa4GukeQd8Y7Jga5jgc90viAjY5Sk+ndNSGPgVg6eoKeMAYUDTud1Ow9ko0kyhAQgAQhCABCEIAEIQgAQhCABCEIAEIQgAQhCABCEIAEIQgAQhHnugAQjAyEBAEU3YfNR9vNTkA90jg3pPlsgCMOPbyCoLlqCiskZnr54qKlGxmmcGsz6bpt8uDLVRtrJJmQU0TuqZ7nBoDAMncrjzzo83WouYjiDJpTRTqiGwUE3hU5pnbVrwcE5H1/JNlJRWX0B1ZsvHnQd/vzbNb9TW+qubndDaZk7S4n2WQGSgjb+a+fq68EuJnCe10erKuCW3EyMkjrWSOM0DjnpccHtnGV1E5JOcFnG/StFZ75NFBqykibHM1x6fHIGOrf2wcpKVSFZex5F67RuF4n+spPEwrcKxryWNmjc8DcZC8hxN4uWXhLYhd9RXWjt1DuOuaQAk+QA7kn0UmGIe/fMGgk/yVg1Xriz6Jthr7xX09vpQ0udLO8Na0e6528ZPtZXw/fqPh3aPvJYHNFfWtwAe2Q3zHz3/Natiw8c+ay8ftOulr7hQTODi2Uuio4yT/AIfP8lBVrU6Md1R4RLGnKTwkb38Y/tRuHejblPbtLU0+sriOz4GmGmGPWTufyWnWtudPjVxqe+3WWtns9uLi6OiscLid9iHSdzj1KzDwp+z309b5GVmraiSukGwo6fIiJHcHsVtVpDhRpnQlFFT2e0U9FEzGA1u/5lcpeeoaVJ4pPJfp2cny0c3dN8n/ABT4kVlPc7lUvoXOyXz3KoL5HA+xWcuH/wBmzZYKxkmpbvLXPLesspfgYT7n/JbsuoafI/ctdnfcdlP4YY0YGwyFylx6juJ9cGtTtYJJNGELFyc8NNLdHgWCkqJR3fO50hPzB2XvbXwh0vZ3B1FZbfTOHnFStaV7XoZgEMGfVAyDkArKqavWqvO4vK2prpFHTWaCkZiOFjR5BrWDH6Kth645BgBrR23b/kjqcSN8JcnO6rO8qPlyZJ4orgdNE6Rxf1Nz/wAWVEYn7Eln0b/zTurbCQenZI7qf6O8UPwjmkc5haerbbc7JkdBHURs644i0eQHdT+EZGuBKWGAgYz+qhd7WXUhPHB8YLFd9AWO9SPNZbKOYO7h0DT5evdY9v3K/wAPbw4vn03RdR/ibHhZhEbh1eaicA8EHf5KelfVVjMmUalvDPRrBqjkR4d354kpqWa2SkAF1O/bHyOyxvf/ALOS1xU0v7MvtR1uJc0zsbt9FvR4TekH9FDNG0sO+MeYU0dbuKLaTI3a03Ho5f6k5DNeWeYut1Yy4NAPUaV3SSPRwJ/ksYzaA4icJrpJMI7pYHwuywUoeGZ+me/uV1trrbHK6ORgYXh2RgYKpLnQMuVI+Ctt0VTE4Fp6x1ZH1Wlb+qqyxGYq09SXt7NAOGP2hXFLhldqalvUkeorZKwCWkqmtEhwe7ZAAQceRW+PArnv4ccZRFQ/tBunb1kM/Z1yna17jjfpPmFhbiRyjaN1dSu+40cdpuDu0sTTj5EZwtUuJXJZrDQMz6igoJLnTgZFTQMcZYh3+HA/ku0svUNvccSeGUa1nODO1VI4TtbJFOyaF24fG7IPyKr4jkBcS+C3OtxW4BtZbpqt93t0Lgx1Fe43dUYHdoduQfcrf3gR9oXori3JS2261H+yN7nw1tPcS3w5X/8Ay3A7t9PddVCrCpHMWZs6bijbwDGSqhu2FaKG5sqmBrZWyPO4I7O+SuzHB0YzspCq0ShCa0n+LZOCBoIQhAAhCEACEIQAIQhAAhCEACEIQAIQhAAhCEACEJCgBU15wEoKRw2QANOUF2AntGyp6h+G4QBIJA7O/ZQVVQxkEpwXloJLW7lUs9cKVw63NDcHLnHAAHdaU85X2gFn4Vw12mtHyQ3XU00U0TqqCTLaQjA+P0O+QUdcsXDPB/aK82UBoX8L9JVz6i8V5ay5y07seDG4/wB0AP4jjf0x7rynKByyR6XbFqbUNI+quMw66dkrelsB/wAWPf8ARYn5TOXy68Stcya11FmrjjqzLPU1ILnVMjviDsnuF0RitdPRvLIshvT0d8YXnPqDWFtdCi+TprGw9qqTLDrPS1JrfSd0sN8bFLRVzDG+Qt2i/wAJwuW+sbfqzle40TOtRqbdc6R/9lqXxudFURk5AJz2wuoHELXtBw503NdrvLHDSs3aHHLngeQC5x8wfHOr4zawgp6OnP7OjPhwxtZmQ5/D7+fZQ+m6txQcqlbokvaNOS2rs9NeftHeMtfRyU0dytlrf4RPXTUYDz83d8rG9LRcSuZ+7MrbnUXO8SOIaKuqeTTsIONs/wBQszcv3ItcdVV1JetTR/cbe4idkM28kgB7FvkFv3pzQVr0baoaOz0Yt9MzYx+GGk489lu3uvU6axF5MdWpq9wQ5BrDaKqlu2qnGvmp8O+5Af2dx7/F2zv5LbShtNPbI44qWkgooowGtjgGGADtgKsic4nfsPbsnkkn18lwF9fzued3Bp06LjhjiQ53kT3SdPnnG6VoAcMJxbn33WBKb5NSlTe3IjwSQe2ylI+H2whwyR6Jx/Djuq023wWow/Qa3DBsEuB6II+EbozkquqvuwOfDDAPkEx+5Twd0x+z8K9GWYojYzO2UoOOyTAIOdseSU/hCXLK8ZZkRmZzXEdkjZ3N7FJN1Bx32ULnHbG6TJbwVgkccprTk7JWg9HthIwYAwUJ46I5RHZw3fuFSzHqa4A4J3yqh5Od8YVIXEHAO52yq1TptDVHkopSI2YIDiPMKGQl47EZVTUvaWOyCT22HmqIu6yzp8/VYM5TT7NalCO0SWPqOQB1DzUbIneKSCWuPmd1OW7ZIAJ74KQYb5pI3E6bWGSbIrnGTGHE3l60fxSopTdrVTxV+B/bIIwyV5/xOcO60V44co+q+F9S+5WwSXiyZ8Tx4c+JTgHILgMY+YXTkMLxjBx7Jsttjn6vEb4gcMOY7dp+Y7Fdjp3qepa4jPLRk1bJTi0kaC8sf2gGouGdbSWTWD33jTjHeE2aQl00JJ7gnfA911Z4fcU9O8RdPQXex3CO4UTwP3kG5jJ/hcPIrn3zAcmFu1nS3O+aQbDS3gRuMlC5uI5x3IaABgjv3WqPCvjRxG5SNYubQ1FSbfG3+1WiqyWSb74BI+i9k03VaV/BSg+fw5a4s5UzvNHKC3c/Enh+Vrny1c2ulOYGzwfsqpjt99YzrqLRO74x7tPmN1sRA4uaCe66JZ+zJlBx7JcpUhOyPJOYxioSZBOyVIICEZRlAAhGUIAEIQgAQhCABCEIAEIQgBHdlAHnI32U7uyph2CAJ+zs+SXrAHdQgkb5/NI55d/6IAm8QAHK8zrDVls01YbjcrhWMp6SkjMkshP4QP6+ypdd8RLXw5sdfeb1Ux0duoo/Ekllf09R3w1vqSuQfM3zWau5sdXyaa0nS1lPpczgQU1MS2afB7uA8lHUmqcXJk9KDnPC7Mp80vP1edbTv0jw0rJYqeQBk1yp2Bs8gJx0gnsPkFZuB/JhDW1sGqNeRy1b6w+IaRzgXTE79Ux7/wCt1kTlz5UrRw8s1Pc7xEy4Xh7ARFKz4YD38+591sTTw7O6ndG2GhmwGO68x1b1DKU3QpM6q0sI/Op2NtVDQWCljpbfTx0lHHgRwxRhjQ0euFZuJHE2z8OdL1l3uFTBExoPQwvxJK4D8LR5lLrXWtv4e6fq71d5GQU8bXNhjkI6pX42AHmubXEjibqfmG1/9woKd1d4r2xUsTY8xxNPc48j7rA0vT6l/V89V8I16ko0oJ5E4h8U9ccy+t4rPbhLNSvl6YKOPIbGD2yQt0+AfKfp7hdR0dTeKX9raokja+eaoPWIn9wAPQK4cuHLJauCukYKirgjq9RVvRJJMRkx+oHv2WwFHQxMqfGDS10g+Ja+qahsX8ejwkYye57v0qaaFjImjpaCNvhGMKcv6ySe/ukDA0kAYHklkwMbbLkst9kqpJBEMl3mlBGdsYQw4z6poGD8lBPOSaMcPI4YB2GyR2ce6ccHOPJNce588qJ5LcWSxHIHspsAtUEZwAp8jChqcDpMaO24SgZztgeSAMpQQAqUO2R5BwwFE4YcFKd8qOTZwV+n0R1H7SLALimS5JA9ApD+NRyfi/17qVEUCF79nZKijy54+aWUHJ91JTR+eMILaKkglhCWEbJ43BCAMYKjkMk8Ippf7wqCIN+PzwPNVLx1T/RUjXgOf8lDLobTmmyjqgPCz55KpmjByBsMqeeXMOfLKgY4FpOc5ysSty+DapfEewbuJ9U7ATAe4O26XI9SqjHinZHiHfJSEj1TSU+GM8jX0OdI5gc5vcdsLCHMDy22HjPbZJ2hlvvxiIZUsH4nDsPks2PkDWknZUlYG/BGRs8HGPI+uV0mk387SrHaylXpKpE5KRza75XeKMNRSPfa7rQPzHUynaoZkZ2zuF1u5Rubixcw2moW+OKbVEDS2qocEAnb4o892/r3WIOPfL9Y+NGmZqGvaIbxHG40taAD0HG2fZc6LRe9W8rvGMVdBMYLjaphG9jMtbMw7/UHHf3yvfNO1KF1BOXZxlzQw2fQJBWeI5u+cjKrXn4M5WDOXLmGsnHjRFtvlBNGy4SMArqEO+Kmf2dkdy0nsfNZrfVRtYQXDGO+Vv5ysox5Jp4Fa93i4Kqj3Ct7Khr5wWkfUqtLsjO2yBg/J9EdR9AovEHr+iPEHr+iAJSc+WEJjHdSegAQhCABCEIAEIQgAQhCAEd2UHSfTCnKQk59UAUzhhxBXiuK3E/T3CnR1VqLUd3htNtpiOqWWbo6jgkNb5knHYd8L1N3u9PbIqiaoe2KKIDqe84AyFxx57OZqq5htewaP0419XZbZUPpIomH4KmcHBOx3xk4KSTUE5MXDfRa+ZbmY1Tzc8RaWzWSWpisEL/Bo7dA4tM2T/eyj+EYx2WzHLfy3W7hDYWVNb4dfqSYdMtR0npYO/Q309c+aXlf5bqPg5YWV9zjjqL9WwgyeK0OMGRkNB9vRZwhb932Jzv37LyXXNdUm6VJ8HZ6bYeJeWquWVVIcDpySO+DjGVTVlRSw0dbVV0zaelhY50khcBgD39f6qpZMI2OJGMeZ7LUXnj40PtFMNCWmpzU1cYmrJInfgbjLWjHmck/Rclptk76vvS4/TVry2cmIOYHjNdeYXiHR2Owte6ihkEFvg8yfwl7x55K2r5aOXK3cIbXFWTxh+pJx1TGVvV4Y/12WOeSLgCywUw1lfqIT1MzSKMTD8LT5/yW4NDAwTOZGT8W+T5N9F12o31K1pfx7Z9dmXVl5EkyqtLZXGR0ri/fuVe+jqa0gDZQ2+ECJzQMYPkqsABwxuFxUpOcs5J6dLC5GAZxn0TKjcjCkfHuSUwY/wDVL5SWUUIGFpHzQW5UrXbHbf1TDkDOVDKe4r/FYQ1owUrgSNghPYP5pu4sU+I5FYCCMqXqzgZSZ9gEmT6BRyxIR5Y4eg/NKcD0JURySO6cHeyiUEnkRJi5APfHqmPPURukkGAU12RjdTx4I5KWAOdz2Ubhlw77j0T8pfxeyk3YGLKKaVhPYZKnhZhozskx8R9E8HDQk3FyPIrd37+vmlc/cKJ8vfPdQPmyAc9kxvJPGkpole8Bxz8lbnuGX+qdJNt57qldJnKq1Z7VhCxpYfRTzFzmdvNRx9fSdhn8lOfNNd8PzWRUZdi9qEaSG/EcboLwHYJUdR1ODQAoGuMbx1bqrnkfngrM748/mg7d/wCap3zNAAfH+qlY5rxlo6QPIqaMWN3foT5MRLfzKxjx54y0XBnSAus/TJVPBbFG7cErJsgzE8bk42AC5tc6GvKjV3FSezucDS29wiYxuenrdgf0Xb+ndOjcV91RcIr1ZpLKH3Xnd4iy1r5qZ1PFBIPg6IQcA9u/9VizipxovfFuehnv1FSxVlP8BlhhYx0g75d0rdPl/wCUzTVHw/iumpqBl2r7mwSCGYnEbAMDGFedX8jmhNT0RFCKmyzZyzwHAMz7+ZC9LpXllRWI/Ry1WFSTbwaWcsfMBeOXviEy70niS2yUtbX0bW7TRZIwPVwzssp8SPtI+L+prxXO0tXM03a8kQQRQsdUd9jvlUmr+STWFj1XQ0FHUR3ChnPS2p6sGEepW0fCblU0dofTkf3m3011vTmf2qpqMOAd6NHn7lXZ6zQhFbZZKTtm3yjW7gx9ojxYsep7b/tneHX62vmZFNHPE1kgBcBkEAbDK6/2G/014tlLV00rZYKmFksbwchzXAEH65XHLn24aWLQOp9N3KzUjbdHcYniqZEB0hwOAW7bd8/RdE+RvVB1dy2aFlkqHVNRBSimlld36ostwfyXQW9eNWG6JlVYbJbWbGgk/wASdh/qUwDBz+ql6sAHKvrlIhCM9B3OfdTAg9uypXHYYVRF+D12Q1gQehBQe6QAQhCABCEIAEJvUgOzhACuOAoDVCMbqaQfuz9Vjvinrig4d6WuN+udWykpaGF8/iSbNLg3YfPKA+zUz7RXmll0Naqzh9puqk/b12ZGKqSMhv3emc09e/rjsVr3yMct9IyCLWt8pC9jn+NQCYZ68ZHib+ZKxLoG2Xjmn5gay7Xd8raesqDUzvc0logBw1p9MtA6fTJ9V0soKGntNvpbfQwtprfSxNjhhaPwgDC4T1Hqfhh4YP8A7Om06zTalIr5nAgZaCfL2VPLTNIBJ9E5uZHZkHbsFHWuMUYc0k4yMe5XjTp/yJptnZcQwkY+42cSqfhfw+uV5lkDnNa5lPT+b39gB+a0N4J6Cu/MFxinuV1e+opzP49VM85bjHwsBPpsFkLnl4ivvmrLVo+3SCshp/3k0UW+ZSQGtz+f6rZHlz4Tx8LeH9vaI2i4Tt8epe5uH5cMhp+S9IppaRY8LlmVX90jL1roYbXRU1BStEcFPGGADbGFfrfAGSB3me6tFHGXODukn5L0FuDeok/CAMnO2FxinK53Sf2Rqmlhsqqb93G9w8yqrHUdt9vyVoN4o6UPbNPGxpOxc8DH5lLTakt1S7w4K2Cd/bpZK0n+atU7KpjKiSbljgujtmqE+SbHMZg7EUmB/F0HH5pY3jp2z8yCP5qu7eUe0RuXA8B3bGdkhHwZUmWgHz90wjIIVScdrK+coRSMIGcqMb7Jcn1wmYLdJe0n6/cfVHWPVqgdlp3OEB2e2E3DHExOXDBH0Qe6Yw9Lt/0S5ySkAJMYKZ6FOfuCmkjI9kqEk+MC/kkPsmktUcs7YcZwcoZHhDuoAnBQ9/wgKnfOGkuJIHfYZTZ6pkLI3yODA4bdXf8AJSRhKfEUOUorthK85J7Kle84O3dUsuoLd1Pa6ribj4cueAM/moHX23lpP32Agekrf80+pa3GPbFlylUil2Vbn5KhB3ThIJYRLGDJEf4m/EP0SMHU3rAd05xnpP8AksWrTrU8uomi2ppoHbDdRPee6mfgBU8jT/NUpxYvDGvJPY/NRNdEyQB3U4kp7oS7udwhjHxtc7I6sZ2CrbXnjsdxgSWLOCPiJ8icJ7WyMwHxhmR5OVqvd/s2n7VJcLzXMpY2jIc93StUeKPPjTWC4SUGj6eOtqukx/e5Gl4acnsPP5rsrDRbi7Skuv7K0prGEbg1tXTUVFNUVNWKaOJpc55OwAXLqiss3GLmKdTMe+emrLq53iRbjw2u2J/JVNx4u8Z+J/jML6yajlBY+CnpBHGQe++FsnyacCLhoqKp1NfqRtNXzt8OCB7fiYN/i9u69A8VLSbWexptr6M6s3KSX0bRWWAU1BT0UbTHFTQiBmfQKt8LpHQT1D0KkjLXnHSWNAHnlOPSBsST5LyavdycnhlilSSWZCeEzpx0NaD3wFFFTxQs6WsAA7AKYOGyaFFTupJpt/Ys4RRqb9obpdtfw5tF5LOptDVdL9t8Ef8ANZD+yo1O6bh5qGxOkafuF0MoZ1ZLRIwOwP8AXqqvm5sH7f4HX+MjqMLBK3bzBWA/sn9ZsoeMWp7DUTtYKy3MqWxk/EZY3YO3/C4/kvfPT1ZXVvx9I47UqXjq5/TrQ1+Bv5p7tm7eSpo5WSjLHh4PmFUY+ELtFxAx/oTfO/oqmH8H0UBb2+SqIhhn0SsGPKD3SZ2Sk5KYICEIQAIQhAEbtgcKJshBG6lkOWnHooejJz7IAZVVnhRE+S5r/adcfXXW4UHCizTOif1MqLtM3By0g4hA9dt/muhGsrky02OvrJZTFHSwumfIBnpDR1E/ouKNjpZeYLmTqrrUSz1UNddZKvMvdkXVhgz54wVWuaqoUnUf0Wbem6s0kbicpfDOk4e8PH1b4Gtul18N7pHDLhDjLWb+izr5egVgoG/cKeClY1rWU7BE3pG2BsFcY6t5b8Q2Xg2rXUrmpJs9CtaShFFefTt7rx/E3WkOitCXq71DxF91jJZ1Hu7G36r0wmcchajc92tZLZpm1ac8YsdVvNVPHG7u0bAfJM0a0Ve42tZS5LjazyYs5Z9Dycb+NMl6uodUU1BMK2ZpP4vi7fPcFdDZXRvc4M+CLJ6R6Dy/Ra68jejhpTha+/CMCsvOSHnu1o8vqs2651JR6M0xcL1WS+HT0kLpHOJAd1AZxj1zhbWsVp3ddW8PrgyanzbZb+InGLTnCS0tuN7qhG4O6Y6ON/76R2NsDyz6lah6p5l+LHMBqSrtegrbVwwxkMip6P8AG5pAyXydge6oOHPDvUfOvxeuFwq55qXTVK/FQ8vyQwOILQPLsV1K4TcHtMcKNOQ2zTlqit0PQGyTdDRJNgY3Xc6TokaFGMqsezIurtw9kH0cy7LyWcwXEBwmuld+yQdy2vrHPI/IgK6V32bvGa2Qmqt2qrbWVDG9RijnkhcfYHqXVV8YY0Rtb8HupGQMABLQD8l0qtaS4SMd3daLzuOOdTDzKculQ6Wto7zUUEWctD3VMAHqR3wsscIvtEorrXUtr1nQspJnOEbqhg6HMPu3AXTOWFk0b2Pa17HDBY8ZBHuFqtzV8j+leMtpbV2Kgp7DqZnU6KrpowGSP7jqGPNZ9xpVvXXMSeN9N8MyJYdQ0OordDW2+pZWUk8YkbLEQRgq5ZBG3mubXAfi5qzli4mO0RrIz/sd84ikY5uBGSQOpuf4d8n0wuiAro3RU1RBKJY52dTSDn4fI/kvKdZ0uVhVyvizaoVVUXJdDsUZKpGVzSO+5TTV5aTlc8+Eaii5fErdi/cZz5FHT0E5PuqD770uHmUjqwkHff5pHUTiP8UiudLjfKaZ985VuNXjzzumGsBPdVPLFC+FlzM4PZMdMOyt5qgPNJ96B/CR9UiqpvgV0CtdOBGSB2GVZtQ6ptlltwr7hWQUNLG0ue6oeGkY9PVUOpdWUWlLFW3i61EcNBSxue8vd0g4HbK52a94ga65t+I9JYtJQyutrXhscDGksaCcF8nyC63SdHld1HKqvaUq1SMVgzpxS+0PsVhdNR6YtLrrPhzW1U0nTHn1AG6wBeOIXH/mCqmR2un1BLSfiZHQQujjb7dXf9VvRy88gOjeHdLT1+paWLU2oMfvZZoxJTRu/wB1nqPVbY2+x0NohjhpKWKnjjGGCCMMaAvTLbS7a2XEUYFS7cW4o5B2Hk45hdUQvqKijrqdo7sqa8gg/LKorryg8f7VGXxWytqWtPxiGuyce267NxUzH5IETc9yRkoNCxvboz7NV+VOD6iir/NqJcM4dS6i5gOC9UXzxaittOz/AL6J8rCB+iypwr+0Fu9FUMo9ZW2CvYT8VRSgxzRt9SwZBXXKttlLXxiOrpoaqL/BNGHj8iCtdOO/JFw64v22sqIbZDp28lpDK22s8Ih3llowCqdbT6FzFqUBYajXi+8lk4f8TdN8ULPHcNPXaCsY8bQDaVp9HN7hendgOIOR69S5h8TeFnE3k01nQVMlTM2kbL+4uNICGztyNnt+Xqt4uAvGam406FiuPjCO60hDKqnGA45bs7HoV5pr/p2VovLRWV9nUWV/CulF9mWDuRjPfukkOzvkoI3kxjdMcXOHSDgkd15nPKnybSWVk0q+0GvtfSRWOmhMjKSVpDwwkA/NUXJRy+aW1lYIdVXmFlwrTJ0Rsc/LI3eRI7/qtgOZvg3BxU4eSwxxl95omF9PI04LzgnC0u5buNVZwB1MbHfRIbJWTGKZoceuB47Ox5DP9V7dpdaN7pjjb8SxyZ08x7Oldu0pb7RT+HDSQQkNwRFG0NB88bK4jq8ONjnEhowFZ9O6hgu9HTvimbUwzMEjJIzkbgFXwrzW8lWpz2TkQyk/oVpwEp+SQbgJf5rnZPLZa3blhiYTjsNk0o3wUzHQuxtcHluJ9sF50Vd6Nw6mS0crS33xkLm9yh63dws5rNN1U8rKelqKye2VRcP4Hdv1XUSrp21cE0UmCx7C0/ULkZxo0xV8NONFzZPHLTRw15rYZ8YDWh2cj1XtXo27i1Km3yc3qqSknJHfalbFC/w42dI6QTjt8lXn8IWMeA/Eih4mcOrDfaSoM7qqliMvUd2y9O4PvsFk5rg5gIORkr1OMsxOYYp/oqhn4Qqc/wBFUM/CE+QjA9glCQ9glCYIKhCEACEIQA3oTHMw3A7lSZTXuAO+yA7NZ+eDirDwu4C6oqjJH96rYjb6ZnV8T3PJDtvYZK0L5A9FP8Sv1FOC6OICGLq8nEZyF7X7VziHLW8TtNaPg3oaSifWTED+8lkf0NHvgZWT+WnRbtGcLrZEP3c02JpdvxggY/Rcn6huHC3cInRaVD3bjJscbohhxBd6jzUrXu2ARIOl5x5prdnBeI1XwzuVHgk8bocc7gDJXNvml1NW6743Vtrc5pFKY6OFrRnbqC6K3SrFHSVcxOAyJx/Rc5dCUo1zzKdZb4rJ7qXnz+Fr+3yXa+nYqFOddlKfL/8AZ0W0NaKfTmhNP2umjETaahiDmDyd07/qsF88t+bQcKorbE8h1zryJHefSxhOB+i2Io42+A4+YeWfQdlrBz30kn/R/Zqtg+OCrkGSMgdTMb/kodNqKrfuUilUeYtm1nIxw0ptJcCNPT08Y+83aD79UucAHHqJxv6brY+GIvjIxu1Ya5TL5FduX/QtVA9r2MoBCejyLTgj+izbT1TT1ADGV7bFtwS+jiazfkkzy+ttZWvh5pavv19qG0lBRt65JHeix1wc5r+HHHa5y23S17bUXGP/AOFlb0vd6keyk5teFNx458E75pm0TNguUzo3xB5wHlpJ6T7HK1B5L+SLX3CrjTDqrU0DLdTW/rLIaaZv75zgNth29kYK7eezo40EZBHZOd0gsJGcEO+Sa1r+5bud8J8jDgfJRleU5KXBoH9qJwXhq9D0HEOgjEVdaagx1T2ADrZJ3yfy/NVXKFr+bWvCe2NqpfHqaGQ03UTv0hoP9f0WdeeO3R3Xlh1xTy9LQKfrHV5EEEfVab/Z41b36f1BTYJiikY9pPuN/wCS4f1Jh2zyujqdO65NyevBODj0S9ZI9lG4taBnOSBlKJG57+XZeLKo5xaydVRfOBXEuOxx80AEZ+LKARuQTjCTxGkbHPfdV8S+2WuU0hHguxuoi3HmVPkED1UL/wAJKhl9sm6IiT05z2UkUp2yOr5KN2wICKc/vX+KeiJsZd1DyKWxTqV4wyR1JbY5NIudDirX6z1nS8LdPjrhfIPEhOz3TOxtn0W73KRy12TgLw+oaRkPjagmha+sq5Ggua5wBLAfLHZc/uWK0f8ASnzt+PVj7wyGpqKx/XvnwycLsLQUzY6SPAGXfET7r6QsqaoUYxRwt3cZngmhgbDHhox5psw6SD3+YU5IA3TJh8HV0l2BnbyVsyKnKyMZJsDgDPqnMkMhwVpzzg89M3L7qOi05p22xXbUNQwSytqtoYosbEeeSvW8mfNnJzL2qv8Av9C23Xi3uxPFD/d9wNvzToLggikbPsacZJzlIAGRvb0g9XqpyPhGFA84z6KVZTyJk8Hxd4U2Ti1ou5afvdMyriqaZ7Gl7QHNPkWu8t8LkNoGsufKxzK1WnLg90NvFUaeoYTkPYdg7HyOQu10/wC8aM74XJ/7TfS0Fm4/2S9sZ4b7lTtJd/iLPkoruCq284yXDRatqjhUTRutA0vp43gZbIxr2n1BAI/mneFvk+mF53hrVvruH+nJXuLnG3wkknJz0r023n+i+X72DhcTiv09OpS3QTIZIBIw/GYyMYLVqpzVcrMGsfvOo9PU/g17Wl9TFC3Z/n1Aeu262wJ/9CiSGKaN7JA97Hjpcxpx1Bbuj31WyanHn+gnTU1g588nnHeq0Zqpul9QVMr7ZUExQmU58KQHAaSfr+S6CtqQ/Ja9j25+HpOcjGQfZc5ebjgtJw31x/tHaI5IrRWSeI2Vjf7mQEux7HI+uB6rZXlE4xVXFXQcMNZIHXG35E526nDyz67Bdjq9hC/oK9pGRKLi/wCjYpr+pvbGyd1AjsoA4dQIIIIHb5KVhPSF5bVSjJr7J6fK5EdNv2ylMo3z37Jjx8Q3wPZMz39MqunwaaS2olLs/l3WsXOLy/zcStI1GpLfF4t3tsTiYW7OlZvk9vILZrIwN90yJrGGpimHiQzDDmnzHmF02i6i7C4VTP8ARm3drGvHbg0S+zx5janhdrNmir9VPdartKRE+Z20Mxy0Aeg/yXXWmq8wRZaPwjcHIO3cLifzlcE5+D+vaO92aN8VsrHGoikiGA2TIcWbdv8AmF0E5BOYV3GjhZFbbvODqOyMZBUtdsXRjs8575BC+h7K4VxSVT9OGu6HiqOK+jbYS9voqyMfux8la4snBBy09irpH/dD5LSzkzhenOAgJR+IICABCEIAEIQgCM/JUNylkaWBoPxbZ9FV9ZB8vyVtvb3eAQDj4Hj4f+ApGOj2cZecS8QcR+de5W+A9dPBUU9A3pd1fhaC7/zErfGxxR2yz0tFGwBkMbWA/ILm5oaKbU3OVWvqSJZze6hz3n0DnY/QBdI2vLQB6+S889SVdkVH9Oz0xJNMnLvi+aafLB3yEzxQGHKZHL1Yz6ryarBy5Oocuyx8RJvuWir1U9WPCopHZ+hWinJY1t440yVEjesxCWbP1OP1W7vGkgcKtTOBIcKF4B9itKOQ1gPEu4HuRb37/wD+i9G0yCjps2uzMlI6IUo6qKI9suOfmvDceeFn/Sfw6uNpjHVUxg1VM3H45GgkNPsd17umH/V8J8i7f9FX9BlikHf4cYK4S2upUbrd+DJRyuTVbkF5nIOGNW3hRrKQ0ELJ3Q0csx2ZI5xJBz2yey6S01UyXpcA7DhlrvIjyK518ynKHT8R/veo9MzNoL31df3V3wMlcPNpG4Kxvwr5zuKPLjU/7P60tU1+tMTuhrJuoyRjt8L/ADXuOlavSuaSTlz+GBdWfO9I61j4+jJHfv2KmERE5JaGgn8QWpnD/wC0R4V6us7aqe7PslU04lprjH0dB9A4Zysi0POhwirYfEk15aIsHHTJLg/lhdHGcZdGFUoSz0ZucBl2PXOVDIf3jG4OCCTjsAtcNUfaB8GtNQVLo9YU14nYcCG3xOeR9Vq5xd+1OuV6idbtDWSOlhn6oRX1rXGQ5GPhYPn3+SZOexZbE/jyfSMhfaYcfLXQ6MZw5tFUyov1yqIzWNieHeBEM56sHbI7BWXkt0HJorhyyaeJ8UteTMOsYJb2H+vda/8ALry36g4q6rdrPWhmEdRP4pkqyXTTO8ic7gLoJT21ttoKelh6BHs1pxgMAHb2C8n9R6grhqhSef06SwpqHyJ3FjmNDhnA7gKXwgKcuDS5g3GWbrXrjtzXWPhhHVWi2dN0v4GQIz1MhHq4eYWo975qOKOsyWUE0wie4Ybbaff8wsKz9OuvHdPjJpO68be06ZwwTydbgHFp2wDgoNN4IwWPbj1GVy/ouZvivouY/f62rZGwj4anIJ/QLZvgHzhUOvKmK16jrv2dXlv45Pwu9/8AMpl76anb091LLwJSv1KfuZtLG8Ht5e2Ej/wn5pY+kwRvZM2oa8dTZGbtI9QUYBJHcey4qpCVPiRtxmprKIXHYnCjqC40dWwDJ+7OwR8+yqHR5acJ8I6GkFuQRhNsZeK4jJhJ5TRolyEXmDS3OjeKS4tbDLUiqgaJBu15cSAPnhdcqAEUkediB2+Zz/Vch+aTh3ceDPFO38UNNMJp31gmeQNmPHfq9l0E5U+aC0cwuhKWoppGw36liZFW0DnAkOAAL243LD5HzX0hZ1Fc0YShzwed6hSnCq89GdpBuk6y0O6SQT55SF4fuCCPZOY3I3Wk6bwZpqvzTckNi5j75Bd33eayXSnY1jZmsMgcB5EZGF7DlX5TbLyyWWsht1e+61le4PqaqVnS4n237LOM1MHSEnZSNxEAGgbDupYfJZEK0Oy3HtuqWo2a7Y/RSMkPT6lQl/WXDIyVK1nOBOMkYqHBnhtYCT2K5a/aW3OPUHHbS+nqd4kqqeElzR5OJwAt9eYLj5p/gNo+ouF4rom1L2ObTUjT+8lkxsPZc0eD8F05neYeu13fqfopaacVDoxnpAA+CMd/4v5LN1Ksrazcp8cGjZUFOojebRNsks2lLTRyAeJFSRMcB5EN3V7G/uoYYmRQBzQGk+XolY5znAOOy+Xrue+tKTfbPRaKxBIlzt2wEkkoiaHHupZQGxfIK0V9W9sfw+qv2fMSU8fxf0nTcTtD3iz1uDDURE04DBlsrexWkHKJe6vh1x1dY3vxTVT30ksTsjcbA/M5W99TVPhj6mHDmklue2VobxVim4X8y9PenBrYjUQ1XSNgcncfyXrGlyU7SVJ88GTcS96R0eiIGQPLzKqWu+H0wrLYa8XSggqo8eHMwPGPcZV+Y0CIbZ2Xj95BwuGmOpcIbs5Ux2JVWACfoqZwyT81nfbRqR+KEDd9+yCcEuTht3Shucg4x6J8PkhslnJ4XjbwupuLfD+sss7GmUtMlNKRvFKB8Lh/ktA+AXEG58rfMXbHXeWWnpYKv7tc4iCOqJ3whw9W75wunTZSzowM9JBAHqtL+fPg2K21Qa0tkPRLD+5qzEPiIySC723wvZPTGr4cbaqznb61UobkdSbPX090t8FZSzNmp6iNsrHMOW9LhkEfRX5m0Q+S0P8As2uY08R+Gn+yddUGTUGnh0eHMcGancfgPzbgg/Rb0U9Z4zGkdJa4bdJXrS6wji5w2vBVD8QQEgOQClQRAhCEACEIQBTOOO687rm8x2rTN0rM4NPSSvGO+egr0Egx37ZKxfzB1slv4SavqYWjxYrVOQf/AAO3/RNazlEsF7kjkByoRzXzmPrrvMwlxkqZST5Fx6h/NdDGVHVj5bLQPkceajilc3ukEgMMzmZ7kZwt8fEDHgLyf1RPFaEP+zuLKKiVL5Hdh5pYnFjgSdgnF7D0lRVE4EbwO4wFwDeYrBsOXLPN8Z5evhXqljcuf9we7C0n5GasRcXaqJp2kpJWZ+T8rd7VUX7U03eaZw6vGonswf8AhK5/csNedL8caemz0CWofAR23616Tp63abNLsy6snGUTp9SPH3CHf+Iq50o6uvPbCstA4uga30d+ivkXwuONwWry25SjUZbpLcssUt6uknyXm9UcNdP68jkpr5bIa5jgAwuaMt+q9Kd9lJA5kZc6V7IYmDqfJI7DQPmpKFecZpUW8k8tsY4NaNXci+h7w0yU0tVaHk7CF3UwfRY/n+zqpZ53OptVsiZ/CZYt1lbidzoaL0JV/s+kDr9NHI6OWSn2Y1w8gT3XgKb7QbTD6prKrT1TBETgvZMHOx8l39tDVlDO9mbKNHplut/2d1EyoP3zVksjD/8A1Kfpaf6rNHDXk74ecPpIJ30H7YuP8M9y+JoPqB6rx9Pzx8Oul8j23IEDPRsMryeovtBNOQn/AKos1ZUyt/AZZMYKkqUtTqx8e4gzCPSNvGPttlo5pSX01NTtJe4kBrGjz+S095keberulwdofh9FLLXSPMDqqP4pNxghm3c5O/bCxNqTmS4lceq9mmbbQVAir3iNlLSROLnZOPicB239Vubyucmlp4RWtt81DAy5auqfjfNUxB3gZ3w33HqtTTtHjRkqldZl/ZXc1Howxy5cjFbe5oNX8TxU1YqS2Vlme/sf8TnHc+uFu7YNCaY0XbWUVhsNBb4Y8YIgDz+ZGV6mJrIm+rvMn+SpqxzWQl2N100qiXEeihUqOTyjyWsOGum9c0P3e+WOhuDC0gudAxrhn0ONlpTzHchcVFSvvvDiudBOwmR1rc74tvJmP4vkt4rldzDE7B8vVeLulwNZK97ctcRjIKhdVtrJDuz2aIcHeazVPB2ri07rmlrayki2fBWAioib/iB8wPzW6+iuItg19bG3CxVrKuJ4HiNafijGMgEfXusZ8a+ANl40Wtpqz91udO3ENaw4ePUZ8wdvyWpdTpriPyxaojuNvifU2xji3xafL4pG482+RWLf6Pb6jF+NYkXre8nReO0dK8t+EAgkjbJ2KkDHMcMjG+Vq7wz57NPakoYaS+RstdyADHOkOIyfM79lsFpDX+ntdxA2O9W+vmG7oIqkOfn5LzW60G6tZ+1dG/Su6dRd4JdU6Ytmp7BWWq6UIr6Sp6upjjjpz3IWkHEPgfrPlv1WdU8Oa2tbSQnqjlgBJa3v4cjRs5vsdlvtK14BDo3D/FkbKBzW+L8X72IgjowHNPzB2K1tO1S50+W2WcIZdUoXEcM154N/ah0cjKK28Rba63VoBY+625pkhcfMujG7T74W5+j+POg+INPSz2DV1vrnTtyyF07GP2/3Sc59lqNxV5StFcRauor4KaOwXSUlzqikb4Qce56mD4Tla93jkC1RZZfHsV5pZ43ZezEr4JB8nNIXoVt6it6q93BytTTpp+15Ot1LqCgqWOcy4Uj2t7kTswP1VNXa0sFuhdLU3iihjaN3GduB+q4+P5XONdE2Rja+tkicd2R1hLfpuqF3KFxcu0rWSyVgjd3EtW/pH/mWj/lrVPKkVv4FXOMHUrV3N1wq0U1xq9XW+aRgyY6aTxHbfIrTPjV9qE+uFZa+GdrHhl+De6/IJPs07+3ZYksH2eup5akPu92o4Intw5vWXye6zlwr5I9EaQLZrjEbxPGc/wBs+KLPsB3+uVWuPUFrSi3GXJap6bL/AHmpVo0rxM5otX09XeKi43SF8/W+qfCRBEO2GldEOD3CSz8J9JU9so6cMnIEk5P4nSY7k+f/AKr2VtttFp22R0NupGU8DdmmNga0D0AHkph3GNtl5lrWuTv4qMXwb9taqjJNDHMy04Htn1TYgWyb9k90ohGT3VBUXAMJ3XAOk5zZvRWFwV1XO0R99l5y4ztLdj5ptZXPeCAVbJHukxkrStqUo4SFl0MqXdUZb3JyP1Wm3PNbTT3rT9yA+KWMwvOfMLcg4O3putbOdeyftLQNHX4+Khn6s48j6r0HRJyhX2S+0ZF2sYf4bBcvN8F+4W2OqedvBYwH1+Ef5LKYcOnHoVrVyQX39v8ACKlp3O8Q0U5a4Z/C0DYrZJx22XDaxHZdzT+mWreKlFsf1DIUB7n5oOUBc595LyWASt/Fv57IQ38Q+aMgOAIG5yrRqnTtJqiw3O1VcYlpa2Ixyh4BDcDuFefJN6dpN8dQIytmyuHRmpp8ohrR3RwcuNM6ivfJ3zBftZjZv2bS1jYKmIbOqKV2QDnz23+i7ScNdX2vWOl7Xf7RKJrbcYG1ERznAcM4Pvv2XPHnc4PR3/Rv+1FHB1VtG37vUBoz1Ru2yB65xul+zD5hJqWoquFt7qCXMaaq1hxzgAjMYJ/LC+jNIvf51CM1y8Hn99byhPKOpLHdY2TsqkpZupucYzvg+Snjd1HK3GZJIhJnKVIICEIQBTEZ7rH3HC1C8cNNT0AGXVFrqGDHr0Hb65KyCVZ9RQCamla4AtfG6Mg+YcCP6pv0SweJJnD/AJJquO1cZZKWV3SSZ4ADscg9l0BneC89O2/kuc+iKg6K5rK4OzDBDfZmOHY/jOy6HtkzM5p/hP8AzXl3qWg5V4yO4spKSSKsSOPc4CCeppad8pvUM4QJQ1wXAOnhYRrwpKSbY17Gz1QgIHS+nOR6rnHqGhl4fcb6qqjd4Zo7j4oJ226srovNU4c1zdnNZ05WlfOBo+Wg1PTX6nh8SnrYvicNh4rfL6rvtFn7PD+ozq9PCN7NGXOG82miuEMoljqIw8EHyI2Xp6Kpc6VzCck9s+S1f5M+IjtUcO4be4sfXUBLXMY7fo8lsvRuAqCSCepucBcBqthK2um/0s0JLxMuoZ4zgwOAd33K085xuY99sNRpfTtSYWQMxWTx/ETIf4PcjvgLOPMhxYg4S8K626Ne0XCaMw0jc/EHkdytUeTbgjLx14kVGsNRwy1dntr/ALw9j8lstQfn3Hsu19P6RShFXNVFC5ryjwX7lm5K7hxAtEeqNeiVtPVyNnpaBryHSRncvkH8OVsjeORDhReYGsGn5Le4D8dPUnPz3BWw1GGxU0MdNAKeBoEbIGDDWAdgFWGF/SCRjK7htLpGRKq285NP5/s0OHckrXsu96ijJ3YKgO/m0L01l+z04S2qSHxqSsuk4PU1tRO45x7BbM+A14w/cexVo1ZI602C41dI50VTHTSOZIDuCAmuX2yNzbXZadF6D0nw8phR2Sy0dtcw/A5jGl4z557g/qvZlrzIAXfw9srnjya8Q9S8Q+Y24RXa81dXSMjneYXyZYCCcbLomWtMmewxjZI5e7khy19kLO5znsrVd67woixu5HorhXTiBoHmvEanv0VvoH1s0rYqVgJklc4ANA8ynNbwbzwU10q5Oh3UOgY7k5XnHO6uo5yCe6wfrLnc0Dp64T0sc1Vc3xnHVTs6mOK9Fwo4/WHjBFUOtcc1PPCfjinABwqk6Thyhhkp7i1uxAHnsqC5Wymu1JLTVdPFVQyZzHKB0n55VSZw8EJXAuGwTKedwhrvxG5MdPapq5q6xTyWSueMkR5dGD6Y9M/NYPuvLPxX4e1zLnaJX1b6f8EtDKWOd825W/cD3NGOkndVVMZhUNIeWN82kAq05OXyJIzcXwaEW/mj4xcOeqO/QVE0bD0udW0xeNvLqC9bavtErpHCz77pmmLm/wAcEzmZ+mFuHeLVBd6R9NW08VVC45Ikgac/PbdeCu/ALQN0piyp0vQ4IwXRsLD+YKqTtrap84FxXUl2Y1sHP/pO6MYbrbZ6V7tndDy/B91kOzc2vDO6tYP2sackZxOwtDf0K8ZPyd8M56iQts7oA7f91O4Efqoq7kc4fu6RRTXCkGMkGUP7/MKnLR7SbzFYHwuJSy8mddNcUtI6kmAt17op3OOGhrxufqvUzPAawsIw45dk5z8vZc7+L3KnqXhXG6/abrZbpa6bMhePhlYPMYBx+m6yxye8xNfrCaPSeoGsMrWE0dSMl78fwk/1WNf6TKjTc6LLtGspSWTb+Msbg4G6mE46enbCt7pi5jHFrmE+ThuljnwQScbea8xuJSz7uzYpJZJ5gzqyO381D47WA7omqIg3PVurVWVsbQd/NV6cJTLOCasrW9HdWmepa49wFBU1rD54HkqN9R1FadC3jCWZEiJJZhjvuqV8pHnkpHSAhQuk6d8bFX1CKllDZdEokwdzgLEHM9SftHhFf2gZLIC8exCytLOWN2G/dY742iW58Nr9C1nUfur9gtzSZbbqGf1GZc8xMd/Z36g6rZfbWXn4mMlwfkFuo15dkdsLnbyKXR1DxMraIbRS02OldDIXd3ns4BZvqiko3jkvsns3mBU7HuO6Y7uU8DYEJju5XEMvAhn4kIYPjH5KNdgSnsEYJCMZOEZwQrEHhjZrOC2aktMF6tFRQVUImhqW+G5h99h+q5la8stx5XeaOguNCZIYKSsbUxFrSQ6Iuy7HtsV1GkaJWAO2wQfdaq89/Dsam0fT3+CMftGg/dvlx+JrjluT7FeoelNSlSrKi+mYF5bbk2dD+G+vLfr7R1o1FRTNNHcYBK0+jvMey9UJOxbtlc7PssOOcF805feHlxqSa63yCegZK4EmI9wPrldDKaXrAwMbeq9rxlZOKqQcZNFdGcg7/wCsKVQw9vr/AEUyYQAhCEAUw+IbFUFzp2VIa178MwTj5KqjccJ0sDZSM90wecMObjSr+EvNlfJWtLYq2sFxhznHSThbmaJ1NHetOW+uLw/71CyYEd9xv+q8j9rJwnYY9N8QaOEHwHmjqQ3uGucenH1GTleW5YtSQ6p4V0MccvXV25xppo87gblp+WM/kuX1ugpQ3HS2NTozwKsOOQdvVSNlDvb3VoYwspwCckkHZVYP7pmTtheVOl7uDraVVbeSplHV/wAPqsecUtCQ8ROHt5skr+mtDjUUT2DtI3f9QMfVe2L2mTpdKGN+qpnuipWukc8Nj8nHYfNbdjOVGominUal2aIcA9dT8GOKFK2uZJT0s0hgrGA46Xds/mui9Zr+02LS7r5c6plPb4YzI57judsgA+q0D5qYNLO1VFdLPcIX3ZwMVZTsHwuI7OGOxXmbHdeInHGns+jKcVF1p6Y9MbWNIbg7AyevT7911dbS6eoyjVmsYM3yqnlZPQ8Tdfao5reLVDZrTTzVFDJP0UtMG/3cWceIceQ7nzXUPgHwqt/BLhpbNMU5dNLE4yTT+cz9ySfbJP0AXheWHlWs/L7pyKokgjqdVVUbfvNxcz427fExp8gs8t3APkOwWnJRpxUYLCRnVKzk+RtSwui6Yz0kHOUNgIYA+QlSE5HcpFDuyVW8kf3dhB+M/JWbVtulr7BcaOl+KeakmawkbE9JwPmr6QP9BLnt6Jj5ETwaRcgnA/UWj9baz1Jqi2zWmWGQ0lPDOOlzySSXtPZzcLd/xCPZNB+LzOAkk2T3LIHntV3plppampky5sMJkIAznHkuWHG7j1qziddK2hpIq+K3OqHRtpqaJzS9uezguq11tX3wy4wQ9nSQfNeMoOFVkjnlqRaqSOdxyX+CDn3U0GsCHMfRPKZrrW80FRNb2Wa3PI6pasfGR5loH9Vt5wc5bbfwhbJJR1tRXVkwHiucNgtnKXTtNE5vQ10gG3hiMgK4R2uljOfu/QfMHZNm+BezHEFpcQ3II+iulNZOo+y97HQ0h7gH2wqptPAw/BASPlsqucPgDx1NptmMY/NXii0zBsXN/PZX9jQBhsTQh42z5+Se5YWRCzSaVgcD0AA+qtNTpAl+zs/ReyifhuShpHUc+/ZM8oGLq3Tj6eUk7qmkpiOnJ3AWRLzDE7q7ZAXibsxkLst8yq7qSJFwi01dLFNRVUMzQ6CaNzJGu7EEYXMy2zP4fcw1DHb5nQQQXItHScYaTjGy6P6ru7bXpy5V0zxHBFCT1u7ZwucHCS2y8UOO1LJIC9n359Q93f4B5/zVpVIunJy6wWKCxLg6affnSRwuBf09DTv7jKhmuBYwnPkrdBIWUsbXSZIGPp5KCd3U0/EV5BcUlOpJnUUeOytlumWgZ8lbKiqc8+eO6iJ2G6a49wFFGCgXVyPc7sm9Y9kwHdOUrHdCjceyZJhB8kyTslgsDopMY85Aydl5/WVO2fSl0iLch9PI0beyv7QC8g9sFWzVPw6cqenYfd5v/wAStOxltuYP+zPvElE0y5R6s0fHowtOA7rZt810og3ij9NguZPKWS/jzATuTK7+ZXTWn/uIj6pnqqKd1Fv8/wDwZZ/Flf8AwD5eShd3Km/hHmoB5rgpNLhGiKEMPxpUhCiAmyAT80gOScYGFG3YoI2J91MniOEKPJ7ee6tGpdMQaqs1wtdSxslPX0xhIcM4d5FXRnc/JSA/mtPTLl21ZTT6Ip01UWGclqCe/wDK3zAQXSIyR11lrRJOWZDZqXqy4e+2V3N4f6rota6dor5b5xNQ3CCOpgcD5PbnH6rmZz98NKR9rt2saeFzaqJ3h1RjGesZAOfbBCzX9lhxYZqnhhUaSrqx0tbZJz91bIfjfA7cf/adl9Jabeq6tVUXJwl/S8bfBvvFsMKYdlS07vFcXKpytYwRUJOpCAKKk+MfF/rdTOHTv5KC3PaQcH/WVVyDITBxr7zp8Pf+kDl/1hbo4PHqIaR1ZTtAyQ6MOdt+q5M8oeuv9n9YtonyuiguDDA+OU4HWP5ndd075AyWhlEzA+MtLHtd2LTsQfzXGbng5eqvgPxSbqLTbxHpy6VBqY3QPx4U38Q+RyPbZU7u3/kU9pp2lVRkos20aRPC0xYfsN2ds+atWqNW2zR9tfVXe401HCAC0F2Xe+y06puaHUlZpCCioXNjro2hhmgPUcj29Vf+HvK/xi49Rmtr6ie3Wt5DjUXmQgkHcFsfmuMWixy3I6J14xj2ep1jzeU0FbW0dip3OEJ+CWaQEP8AkvCWe8cX+YGqfHaY6+akd+764mlkbfmcbLbXhX9n1o3RFXTVt/fJqauhII8QBkZPnkei2ls9lt+m6VtNa7fTW+naMCOkADce/qtKlZ0aXKRTqXMnxE0T4bfZt11dPS1msrsGuaRK+lpz1l/mQ52Ct1tAcJ9L8MLeyCwWyCklDfikY0Z/PGV6ljy4Zx374CdnYDyV/MVHBScm3yMfLJIB1HqI9QpI89Bz6JC0D0TmjAKqyeVgaxyEIUQgIQhACYwcpXb/ACQhADCwHPyVOGhjsNA+qqvVQOjOSjoBGv6Bs1u/mmtOX47/ADTvCKc2MgpcgPw3b4d/UBPIBJ6T88hIwfDslf8AzULfuAUNLm7EZSOBBAOPoo3HpaPP3T6dhkk9ksmsANcCB6Jhk6O++yqZYi0kY7d1bq49DAoALRfJsBxB/JeIuNV1ygefzV91BWjDmjuVjnVmomaWtVZeKoF8NDG6YsH8R8hn5/1SqDl0hUv0wBzpcV26d05T6Vp5c1Fd+8l6HYMTcYGV5Hkz4fPtdpl1ZU/A6tDqanD2HPQzYuHzysSWO21/MtxmqZ658hppJi95Jy2NgPb27Le622mnsdnpbVRxsipKRoZC2PtjfJ+uyiv6qt6Gz7Nm3gl9FxZIQG4OR5BPMpAwmDHwjtskcCc4XnMl8uDZpp8AH5807zUbY3Zxt9VKGEAjsqb4Zdjn7GN7lOKRowe+SlKQeJn4sJrhkpcYwcocd8qRdcC9ETmgK16iP/UNc0/w08v6tV2cQ1gcTgFeM4vXdln4c32rbK1hFK8NdnABwtKwhKdxDH6Ubv8A02ahcpuG8wFKP8VTI38srptTf3ES5jcpELqjjVZ6kZBMj3u/L/NdOm/A2mGNukKT1OlKt/6K1i8qSK4tHS0KnOxwqguHQB54VOe5XnMo7WaoqEJMpoAD3+ScT5fVNxhHnjzTl0AN2Kf1HBHqmN7p5aRnbyTk2msCmPeOeiDrrhNqe3dIfLJTOkiGOzmjOB9BhaN8jGvXcKePttoq2f7hT3Zr7dI55/BJkAA+W5XSOSMTwvicMtcMFp81zE5uOH1Rwm4yNr6Hqgp53ff6R42aJOsE/wAivZ/SV/vpui/o5jVKT+vs7h2moLqdpIIJaO6uTHlwGyxRy98QoOJfCfTep2SiR9ZTsEvScgSBrQ79VlWMgYXqMZZWTjJLHCJMIS7+iE/KIyjoYAxucKSWYRHJOGhFbUCipXydsdvmtROd3nVo+XS10tntfg3HVte391B4nwQjOOt/oPL6Jo495zPc2mm+AGl62SpEdwvsrHCit3X/AHj8bdXmAuUWsdd8TucrX0VNXSTVdS6TwIaOjBFHSMIBDnAbA4Pfzwl0Xw54kc4XFCesudVPVCaXNXcJsup6eInJDAdjnyC6jcFeA2leCem4rfZaKP72Wj71WOGXzOxjJJH+uyZKSi1knpxlnKMR8s3JVpHhLboqq8Q0t/1EA3NTMzqjiIG/hjt+eVs591DQCHuewAMb1YHSB2AAUxIaC1rWgE57Jn+6sKdRttfRoxykMbEPU77dkCMYxk4UmMeeEmAq6kKNa3GycjGEJG8gI5PCY5PCawFQhCaAIQhAAhCEACPohCAE/wBd0JUIAa0DcE4wkJylOxzhI5+SfJRuOWA13ZT0MvRNjZUxdtgHJTqYETZ3KY1hAVUrup715+81AYwDz8lemvyZN/IrymoJu+/ZQgeYuFZG8yg7u8lq7zpa+jsfDqlskUjo6q4SnxunYmMb/wBVsk5gnfN8WHAEg57bLnrzGXmfifzC0lgpZeujheymLc5AIALj/RaVvjY5P8JEm2ZP5PNAQ2PSdZenMcJ6txDerz7ELYloyW7Y81YtJWOPTNgobbTtDI4Y25b74V9adwfNcdqU3WWcnSUaeyCQ9py9pTznyGc+SYzYp57ZwsGUeMGhB4BsoYMHpB9k4yl2cOyFF4Rdv8KQOMZOXMH0VB27kyZzJ8gAeqae43UYmY5wBkBLjgBUNbcoLc580s7I2NOD1PAx+ak/iVHxFZI/PFPDZce4PplI5pBaCcdQPTtkbLD2tOZPS+jy5hq33GoHxCKlAd049SFrpxG5u9Sajuzo7C4WyhfGQz4svOfP2Pst2w0WtVxvXBUrX9OC47NqOIHGvTmgYJjW1cdRK1p6aeJwc4OHYYWo/FnmGvvE+hNEI4rfbXSdTYYgcuYPVeV0lw51jxGq3STAMgmd4k1TV9QGPPA75+SzDeOD2nNDcP6+sZCaiviiP72QEjP1Xa29hb22EuzMndTrcP8A+jz3JVTCp4xUIBBaI5HAjbsF0qbhwj9gAudHJDRtn4vmpazpbFTOdn0yuiFLOJJAOoEgDzXnXqZrz4ResV7pYLo7Zo27jCgznB9VM8/C1QjYBefVfkbIqaO5+ScmjufkoBBzv9fkmt/GE53+vyTW/jQKIzuDnyCnB2BULW5cB22ClaMHB2CkXWBBHDBJ7rVL7QbQ3+0OgrTfYB/abTIWyHGR4L+/6ra8jGV4XjTpNus+G+oLV0B7paGQtDu2RuP5Lr/T107W7gm+yje01Ok0eP8AsuOI37W4RXLS80nVNaK7qha0/hicOx+q32gf1NaQe4yuPf2bGsxpfmPuWm5JHMiu9NIwN8nSxkkD9D+S6/214dSNPdfQlD3LP0ec1YuMmmV/U5Ch8RCn2oh2MxNzD8bKbg5wtvmpp+l1RSR4pad+/jyk4a0fXf5bri3pOx6v5ruNMUdVUz11fXzmStrpm9RhiLurpHlhucLaf7U7iTNXXXTOhoavMdNA641TA7AdI74Y27e2wHks2cjXAii4X8LKG+TUbor7dKdsszp2bta8AtwfkR+qbKSitzFjHc8IzBwj4T2bhDpKm0/YJHx00cQE0hA65HeZJXvHSOIAec+QIGEMaOokADI8k1/r9Vj3NbMva+DVitqwhpdkkYQPi3G2E0fiKdH2+qzm2OFIJPdGD6pyEwBoGe+6XpHslQgBpaE5CEACEIQAIQhAAhCEACEIQAIQhADXM6vNJ0J6CgCIw4Tox0OP5pT2TXHpH0Uc17UA0PxC+TyOy8XqKq6BsCeo4wF7CXa3uKx7qKbrf8t1WBHj9S3NtqsF8rXkMbT0sjiXHGD0khc7+Xpsmt+NL7jLCXTEy1Bd38zv+i3Y5lbu6w8E9UVmWtM0RhOfMFuP6rQHgNxTpuFOpDd6ymlrGGExMjh9StGlF+CX9k0XjB0UpxJ1Ne4bOaMHPsqlu+B9VqzNzp2lrGNjstWcDs52FSnniaJQGWH4e3xygLnKun1qqwkbMbuCWG+TbJmevdpA9cbIlqY4WkveG/mVpbf+dW+1TnCgt9LTtGwxLlY9v3MnrzUZd4dwkpWHbponEO/QhRx0eo3lsmV1D6Z0HuWqLVY4PFuVbBSsAz8crRkfmsZao5oNC2AvjguLKmYfwsHVlaTR2zV2uZW+L9/qnv8A4qnYfmV6nT3LPqWuePvVVBStkO3S49W60Kel0YczkMd3u4iZd1LzrU/3cst1rjlIdsZXdH1GFhDU/F7VXEy4yM+8VlU5x+GmicQ3HzCy7Y+VuyUL433OpmukoHxDGAD6bLKGmeHentNYNBaIKWQDHilgLv1VmLtKHx5M+pUqzn0asWHgJrDVHSaiJ9vifjJe7cBZ10Dy8WXRpiqa0i7VeB8NQQ5jPljzWWB4Zb0uleQNsdggsY0/ABj80jvFt9oihzliQtjhj8KGnjhgAx4bG+XzWNOY6tFBwvnZGT1SO6cfkskuBcD07HOywvzXXJtNoOjgzvLPh3yx/mktqjnUJEuckPIhS51Rdasj8FM1oPzK3tthBqA4H2WmXIvbCzTt3umOnqkbHv5jC3AstRmVpz5rgPUWP5DwbVlBx3SZ6x4PSMKHOG+ymjIfEN87KN7CwZ8j5LgKvZpiNIPuUob+I9tuyYNneyUHYqABTukA3ylyjKUAB6Tk+iUyA7Jjj8BKG+R9ku4GSiUEDPdQV8bZ6aSF3/awyR4+bU4bdKWbZ4d6BX7WbVeDz0yCeXFo5fcPrm/hHznWSpLhFFR6g8KYHYCN7iCP/Mu41kmE9I0syWHBa4+Y3/yXC/nAtZ01zA3irjJiklrIqsEHGMEHb812v4TXj9tcPrBWlwJqKKKUH5tGf1X1Dp81O3hJfh51drFWR68t3QlyPVC08Ip7mcMeMF3PHvmwq/3hqKaa/RW2Pp3a6JkjW7fquvFtpobfQ09JTgCClYKdgxgYYMdvTZcb+VB333mZ0M6bDh+1S90cu7nO6XOyfqMrsxRQ9VPE7OS8FxJ88k/5LKuai2YJrfl5KgAdLsDCp3HDR7qpd8LCfVU7sYH5rCyXyIfjKczt9UuMnON0oGEmRRUIQkAEIQgAQhCABCEIAEIQgAQhCABCEIAEIQgAQhCAG/wpkp+E+wT/ACQWBw380yfxQFNWO6bUXZzlYvvc2Zn743wskX6dtJbXRvODnKxLeqsOkJB7vwqqTYqMAc794fTcE5IGAlslQGv+RWnXBbg8OLFPVymsNIKR3h9I7OGFtnz0Et4ONc0tJNU34Vivk3o2N0/d5t+p85H5NW4nsoolgs9lTbOU6xU7Aa2snqXDf908tV0p+WXR0OOqnqJRn+OYrNL4xlo7fCEngEDuCPmsSpfOm8ItulD7MW27l50PTTBz7T1kD+J+QV6O38MdN0BP3Oy0gYPOSPK9TJCc5xtjGMp0L3xAtaMA+6zpXlWTzkV04x6RR0tnNKAI4aeOEdhAMKoMQacNa4AeR7qoEhBBAId/iCaXGRxO7vmofNJvLY/GPopnRbDGfzSOB+fz3VQ7GPMJCB+ailUy+SWMG+ShJcOw7JwJIyVUvHoAoSDk5x3Ucproe1hDS4AuJHbJWsvOHcw02Sg6twwvePp/zWzEuHRuHbZai82znTcRRGTlopmtaPTIC3LDDkmQr6NjuUumNr4TUx6el1S8ybbbrYG11rstPkVh/gvTtoOGlhia0NxA1xHuQsn0UhAjx2PouM1tKVeTNajNJIyDbq4kNBOeyujnF+PMeoXkbZMct3x2XpGVLCwfEMrz+4p7XhGjGXBOBk4/kngYBwmskaceZU/T8GQBk91Rw0PzkixlGPkkc4g4xhNMhGR5ewRuHA7ZhQ3fCGO69jsFUNibnbZNzzkPogG4GPJNqXhjS093DAVSWNA8lR1rQ5wOcgK/bc1Isgmmos5z8/1AIeMTJ24EktI2VmRsCMYyur3LRUT13AvQ9RUOjc+S1xZ6G47Bcr/tC4XN4l2yozs+3uxn2C6dcqFW+bl70G89/wBkwHHzC+m9IWLOm/6PPr1f+VmZcj1P5oUHi+36IW5uZS2nCbgyxvD7mntFLcvgqrJf3UssrtgQ5xbn8nLsxQOjFFFHGT0MHQHE5yMdwuS3Pnoer4Rczd8vccbW097LLlTyRns8OZnA8z8J/NdIOXPX8XE3hLYtRCdkks9JHHI1v8DmjByPosG4i2shQe1mT5HAAjOygwVURtaWu36seaRrOx9VmtY7NNkOD6FH0U5Zv5pkjMMyEwQjQg7FCABCEIAEIQgAQhCABCEIAEIQgAQjKEACEIygAQhJuUAGNiE6IB7tzs1NVHXVwoonEnG3fKjqPEQPNa4uHU9rQ7ZY8qoDK4A7nqyr5eq81lS5536j29sq3TH+0x4UVLljkah8+V5MFitFoY7+/kc9zf8AhVt5UaAW7RBkc3pdUyGT9CvI88F9Nx4sRW4OJjo4gSAf8WcrNXAyyCl4d2P92WSGnBeMee/+at3dXx0C5ShuWT17+wxtloCj8MO/i/VegNpyG/D5YTv9nmOGSD+a4p1nnMi2oOTR54xEn1TXQ4Gd16I6fb6kKGawO6D0u/VJ50XNiLH0kAEEj+qcGyYOxx7qvFilaQcn5ZT22uVmcnBTfKxPGW9kTnjBTXxFpPfZXeGlewHq+JNmpx3wFKnuFxgs4AI77ptQwdbekjdVU8PSDt81SPGCAUNEcl9EPh/A7qI/CtPOaNzp+I73/wDdxsH6BbizN6oZMHB6StL+ZeV8vESoGezW/wAgug0tqcsMr4xI3I4TyCXh7aX9v7M3b/whZAonDwWYO68Nw1gbFw/tAA2NMz/8QvW08rgyID9FyepxzXlku0+keppJXDsd8dlVU9yk+mVZaSZ7ZNvTuFUxktafmubr2cXyacFweuoawlrM+avTJWmHuvEwVhja3Dldaa6btBKyatvgmS5L9ufJHQ49xj3VCLkMb7p7bmM77D0VLw5HlS5rmhAfgj1VMa4PbhRSVoHZMdBvoCqklwCqSrqmtY8dWCRsqGeudjY/RWq5Vzo6d7gAXAZGStSytnOaTGTeIs0Q5+78LjxNoqNrHONLRYbjzc4/+q6t8vNk/wBmuDmh7Zk9UFmpg4HuD05wfzK498erjLrnmPFHCDM1tXHSNjAyX4JBx+f6LtrpS2G12i3UnbwaeNmMdgBsP1X0hp0NltCH9HnV481Wz0o7D4R+aEIWmVTRH7TvgZUcQ+ElHqq00jp7tYXOklEQ+I078ZAHsd1q3yFczLeFmo4dGahqw7TNz/dwzdYb93mPue3p+i633e0xXq2z0NQxslLO0xysc3IdGe4x7rklz08ntTwU1A/VenqeWfSNwLnSRwnpZbyD8DSe4Gdw7zJWbJblgrxeOjpzR3qGaCN9O4GKRoLXZz1D1Vwp584yQVzx5OOb/wDaLaLQ+sKzoron+FQ3CokIa+MDZh9XLeSgv7JfPG+2CD/JZVWLi8M0YVFNHszJukc4OGD2VspLgyUY6wD7qqL8Nz5KuTBJsdkrcAfF+iYAXuCcGEj0SCgN0qTp6fdKgAQhCABB7IQeyAEPYpWgE7pshAadkRnt5IAcQOvCHbDOE4tzk7pjggBoJLsJ4AIz2TBu5SYBbjOEADi0DsmA47p5AAHmmtc1uSgB7gCBjsqYSFrzkqV87C30Vsra9kJduM+iAKuprGxx7YBXldQ3QPiLSRgj0TLjf8DuvNV9wNSCd8JsllCZKaWRrnEgdlYdZauotE6cr75XSt8OliJawuA6nY2Cr6mvjpKKaaYhkLW4c9xwAtCebnmEj19c6fTFoeZrZSuLJ3wHaU5/Dt338/ZFCGZ/0WIQ3MxtqPU9dxg4qOrJosyVdQHtGBuzO3b2K3+0lbG2iz01LGPhjY1pJHngLXflU4JG1xy6iutGIaqQB0LXnqwD54PstoYYgHEgbk9Tj6rH1S72vxwNejSxHJVFoI3xn0T2xh0IOMZTAet3lsq2Fn7jJXIVapepwX2RNpWFu7c7eip5aEO9cKudKGtHqkEwBG2dlD58EuyBaZqItxhxG6o5KV+/mR5r0UjOvGwVNLSg58k2Nz7uWM2p9FhdCW91E9h3CvE9IOn6qilhxnAWjTqbmMlDBa5IQW77+4VBW0gL8g9IHkFdpGbHZQuhY5vSTur25EOC0iFngvGcnBG60w5nrYaPXzJHAjx4gcFbqVFF4UUjmk5AOy1z5rdKOrLJS3mIZlp9pcDOWgevzIWvptVRrLBWmsPKNgOGYD+HtmcHBwNMzGD/ALgXo4YjG4HO3ksW8sV/iu3Ce2N6jilzTyZ3DXAdv5LKmSX5/h8lT1OC/lN4LEeuC7wShrerz9VUxzFzCrR4/S3AKnppT07krAqxbNKnJJF0ZJnGVV0suDucq2Rv6hhTQvIyPNYtamyypZZeRVMA9041oH8RVn6z7o6z7qn4yQvDasvOzvPtlVDJi73PoFYopixwODt6KsjrA3GQQU6nDMsCbsZRUVEvSCfNWG+17aa2zyueGhkbjknZXOskc6MubuAO6wLzVa3k0fwzrI4pWsrLlG6Bgzu0HbqC6vTrRTmlFFGvXjCLMQcmuiP+mDnIpbpOM0dvnqLjMXjId0uzH+f9F2UpgHVEj/U/+i5z/ZcaBdRWLUesns+OvmFFTv6c/CzHV8t/5roxQO+GIEYJC9rpU/HSjH+jzqvLdNsrgRj8IQmHuUKQgyU3U0DBbhWTWOirXryxVlsutJDV0c8LoXslaDhrtjsVfZIxuoj6d/X3WflDcHGnm75Q7vwA1TLfrHDNUad8UyRVMQ/92cfLI+WF6flp50oyyHT2rZH0jIj0RXI7td5Dr/lldVNVaRpdV6fuNqraZtZR1kLoZoJO0jT3BXM/mq+zZuOlC/UPDSGS5UAaXy2iUEzRnufD/wAQUU4qSHptG19q1hFV0rKuhrYa+ncA4SQvzt/VewtOqhWw9IduO+VyV4Ycxes+C089vllFRTwyeHUW6uYT0EYy0f4T6LcPhPzgaK1zHHDNUCy3CU7xzuy0n2csydKUS9CqmjcWmuQkxg91XR1o8yMrFlo1HHLGJoqgTU53ErHZBH0Vd/tM57CGFxeD3KgawTp5WTJZma/skyvAUurZCGAkBw77q7U2pgW/Ef1SD1Fs9VlNJGcE91YW6lYZO47qqF7ppHZcRn5pcBhl1BGEgIJxlUcd2pQNyCU/9rUmc7Z+aMBgnmyGhMp3ZPsqWa8xkEDGCVTtvDIu5G6QNrL+38O5TXgAZ7KyHUEe+4+ahlv7QN5QgXBeJJOg9wU1s+B8RCsEl8YQSJGklW+e+vBP7wIDaeqluUUR7qjqNRwQtOdsLxdZfC4kh5P1VmqLoZXO8TKUTB7Ss1ZC8fBjzVjr9Q+JkdW3zXmny4kaOouL/wALWjJKjuDXUzHunBgjA6jI/YAeu6XAzLLp98bUHffKirrtbrFEKi5VUdLTNb1ue/0WBOI/NXo7h8IoIphe6lrj/wC6yAM6hsQStUOKPHjVXHC9up6WZ9JQknwqKFpd1N9DjupdixySQpynjCMl8x/NO3VtNcdK6SjkZbjIRNXMJa6TB7NHoeys/LvwDF0po9SX2kfHGQDSUvR/fYO537j3Vx5fuVSW41AvuqxNT07CHwUg26sHPxD0W1k7aSmZE2kpRRwxDoZEz8OMYWLd3sKS8cXya9Og8cIoaSlhoQGwR9EYH4R8ld6N3iUxd55wrc8YjccbKroD+7AHZchc1XJtlynCS4ZWQ9+23qqxzyIABsqdoAYcbBSA/u2rKcsk6eAa3qxlNxhx9kM/F/RK09yd90xvjAucvBM1+42wnPIz6lQZwQUvXnuquOex4krQ4KhqYwM4+SrSOpRSRq7Tq7WBY6hhydsKm6P9AK7Tw5791QSx4d/RaanujubIpLHJRzx9cTgdsrxusdMQ6ks9Xb6qPxYp4nM6e3p/kvZ1AOCBlUsseW7DdT29edOe4hktxrZy43qbRGu7jpC4sMVPh0kQft1Ozsf5LaZp6sHyPYrDnEThZUXC5UWpLAI23yCo8SYy9nxYwQMLLNC1/wCzaJ0xzUeC3rx2BWxfVo1sVF9joxx0Vnc4U8ALWZx8wqaA5fk9lVMI3KxJvgsQ5eCqifsq2ADBI2VC1w2CnjcW7Z7rHqNZLkF7isGM9wlwoCSdsqTs0hQP/oneF2x3Tv7Jer0UZf0tP9UgkbtvnfOFbp005dCZSTbG3CpdTUM0rWl4YMloOMj0XPHjtrKv418SY7baC6dv3kUtLECSJA1wBcB5brZzma40f9H+nhZ7a4Ou9zDo2kP+KFp7HHqewCT7PDlsfcqxvEXVNtJlgaf2XHJEQJT1Z8Tf1OTlemaBYqC8lSJyl/cRTaibx8tPCeHhBwm07paEFtRFGJqn3kc3Lx+ay6B4ZaR2GyjoKTpja87OIyQPJVQi27ruHLPRyUnlkfiH0QpPCCE3IzAssLu2EkdK5xBwqv8AH3GyUEt7Aqt4hxSOc9uwGCopad0+PFb1AdtlWlnUSfJO6sdglVLkDWPmA5GeHvG4y10tvist+cSRcaECNzjj+MDHUueXF77PnibwtkqpbRRM1RaYHF8VVQHEuDv8Q8j7Bdp5D1tLSAWkbqkNDB048PA9AmujkMs4FWfi5xF4SXaGkjrqunmjaM0VaHdQ9sE/0WwnDfn78WD7nrO1yQSjA8ani6i31JAXSrifwL0JxJpJodR6coLgzpOXyRNa9gx36hgriZzC2aw6f4p6lsukonutFHUiliw7qw8F2RkfJV6lHHZNTk3JI6DaP5idB60a1luvVMKh3aOZ3huB9MFZJo65kzGvjmjlZjOY5Wn+q5bXDlw19YbNRXZllrqimqGtez7o1z3tBGQfZUMWqtd6GmHTd7taZYiMMlDgc/U7fmqXii37WasZyR1nE5aGua89RPZNkrnh27iuZFp5tuJ1kDPFvjqyLyE25/qvVUXPVq+B+Kijo6ogfxh4z9RhMdF9D/Kvs6Hsur2tx1Ej2T/2sPOQt+YWhtv59rwT+909SOz5xyuCusfPu8HE2mg75VSTwscqiN2f2lJk4flBq5pdvFI+RWjtXz81MZ6qfTDB/wAdQ7+YVM77QC6jAbpmBrj2Iq5P5YR4XgHUTRvOXzk4E/0UbhUP/jG3uuf19579X1PV9xttJTdXn1l5C8ZcObziNO8O/bDqc9/DZDt+ZKilRf6Q5X0dM2iSPd0p+QKpnXilponPqZhEzuC9wH8yuYk3NFxJriQ3UVUzP/dgN/qrHW6i4ia7kAkq73cXOOwj6nZ/LZR+LLw2GcnTC+cVtLWR/wDar7bKdvSSc1Ac7b2Cw7qnnT0LYzNHSTS3WoZ28FuGH6rUay8tXE7VtVC2GxVjA8/31WSwfUlZk079nprm7Rwi7XG22qnIPwtf1uCWat6PM5hh/SINUc+d3rP3Wnbcy1S4OJ5j1n6BYg1Jxv4jcR658dddamsE4DRDGXAE+nS1bfaU+z7sFqMRvV/muTW7mKJmGk+mRus6aO4K6T4dBhs1kpxM0YEnTk4/8SyrrV7a2jujyWoW1SS3M0X4PclOquJEVBWX1rbRbGkuElQcOcDucN/zW6PC3l10bwrHXQUEVdcGjBqpmA7+w8/qso0rW0waAAwkeXl7KcNDsHG/yXEXuv1K6fOEa1K0cUnktlVQR1UPTI1oHkWtAAXjrrYHRfD05jG4cFkMxhwwdvdMloI3MwRnPkuaWovfya8aSwYkqKJ+HYB/JLRwOjGHZCyPW6dZNCTF05H6LytxsdRQnrOXsPmAr0Lp1l2JKnjst3V0tIHZSj+6aqdx8sqoBHhADdPyJsjgGH4kjd8geuUMcGvGe3qnR9/b2TucCOCS4QYOyMFSgN7Z3ThHkH08lDgiawQAYSO7dlOYs+fZBj6jjtsnbcoTBbZgcfVUM0eXA43V5lhyPdUNTCRID29FbhL9GtotU8JwcqF8GGjZXGaMny3UTo9hkb+60ljCG5/EW8UrRlzctk9cqQR+G0AHbG6lc3JO3mmOyBvsn7uBf+giPSceRVQyRUmfi7/EpmHB33PZV6sscD6fD5Kxr8uCqI3ZP6KliYcqWOVrCSXAAHfJwqk45WS1D5FdnsD3Urchu/zVO17HjIkbjPqoKy40lsjkkrqlkEYGSXbdI+qdSoTnJYQlWrsRUzdLmAOPSSdiPNYx4vcabFwooMT1TK26ygGnoojv83eeM+ix3xi5qLfYLZVW7TNS+ruLiWNqSMsjG+Xbdz6BeD5cOWXVvM/rmmut9bWU2l4J2T1N1rGYfJ5+GzPcHPcbLvNM0hTcZV+DCvL5OG2PZR8EODmp+cDi9VXCtgkbZHStluNU9jmMDOoEMY7bB27jddhNK6FobDbKe3U0bYaanjZDHHF8IDWjAx+Sbobhzp/hxpuntFhtUVqoImhoZAR1PI83HzXqoJHAgbAeQXoEKMacUocI5ZzcuWyphb0gtDcAJQNkkbsF2eyXIITitLGRcf6whGPZCMDCTJHZJ1O9vyTug+pR0H1KcJkb1HCROLCBndIgMiYQTkbpSop5vAYHeZIAz2QJya688HGw8E+EN2uFM+FlyrWCjpfEO5c4Enb2AXK/lU4VXLjPxJZUzMfPSU1QKyvkds1xPue5Jz+i2R+1b4j09+4j6c0XC+OeG3033qpx/wB8/LW7f7rAT/4j7LIvIjwjj0JwrZcJ4PDuF1d94fkn4Wdmgeo7LntVuvBTfODRtqTlJM2ZsVtp7dQRwMjHRE3w4wdgGjtkdj9VYdUcKtJ6vnlku2n7fXdQxmSEA/mO69M12CcDGAndZJPovMHqNZSymbijDrBg+/cnfCu6uHVpqKHJ3MLi1eTr/s/OFdUT4dNcKcnfMdR2/NbMyN6gCfJSN6SN/wBE7/MV0ux+yn9xNWG/Z38M3RFni3cb9+sJP/Z08N27Nqbt/wDeFtSMA7Eperf8RTv81X/Q2Uv+Jql/7O3hqw5+8XQEf/P/AOSuVu5CeFtL/fQV1SfImff+S2XOwJHdJk7eqP8ANV39ibKbXETXv/8AQtwolJabdXFp2INURt+Skg5FeF1OAG2x72g7CR5JH6rYBuckj80GV3l2TJavcS++Sbw08fExTpvlV4c6Zk66fT1HI4b5nj6/5r3tq0RYbDB00NmoqYZ2bFEAFeXucewUTWdOTk5z5qtO/ry5ch6hBdRI3UsOwETWNx+EdlQzMBJDR0j09Fcs5Kop2YeVm1bqpJ5yTRpxfGCgfSuJ+HzTfBcCcjKrA8/kkcerJzgLNr1d65NKNHCKYdLQM4StwfJK5gITQ3o7FZFX45JsYBLnGUJCqfQINgR0bOTJYm1DcSM8+43/AET/AMPvlNL3bAdlJGpKPxY9SaLBdtKQzdUkY6XHfLTt9V5attdRRO2aS31G4WRsYJIOM/qoJKZkzCHgN+mcrXo3MmvcJx9GN2kdWHDB9k7pLWktXrLnpqOTLoMMPr6rzNRb56KXD2nGe/kr0a/GAI4cl/ruqwEN8t1SxvLX7jG6ndO0jHn5qRS3DJRyTPILMBRdRaUvWCwY7qJziSpMEezCwI52/wCqgnAc4Hulkft6FAPUAVJTjzyV5RxyUT2bdvdU72b5x5KtlOT9CqZ/9FoReeCNFvk2co5B8IU0oBefRRS9gnPgmXQw9x7pRjxPTdIe6Y8kEEd8o4kwLrGQOrJx8KxXrriTddIyyup7HJdI2E5LcgN32WTJekNYS4gkYKg+7QmZ++53PuVZo04uXPQqk49GrOpebvUluiIp9O01K5x6S9zS4sWMpdU8Q+PWqqayWyStu1xqH5ZRRv8Ah6QNzsNh81uDxP0JS6s0pWUP3aI1MsbhFIGgFjsbO2WsfJdqlmguaXTkTqgQPNW+hnL+xB2/Ur0GypUtqcYpmHf15xXBsPwC+zKu9TdaO68TbgyKhY4Si0Uzz1SEEHpefJvyXRKx6UorDT0VHQUUFPb6aMRwxMb09AHbsr0YGBjJGY6nDBOd9lWRnJHVjOF0FOm0cxUquTbZAQWjGO2ykgGXg9lMWNwcjulZGBjCvRK+7JM78KYBv6J7vJJj4QgOxetCjyfdCBcFww30RhvolQgaMezLSBncqPwiVOkx8kAUrx0d1atR3SKz2uarlPSyFjpSfIBoJyfyV3qVrR9oNxDl4d8tWoKmmqPu9dcAy30z2kg9b8nYj0a1x9wCmt7VkVHMe7XWTmU5vZZ2P+/0dwunhg9h4DTgn9CuqdhsEWm7fTUNKwR01LF4LGt8mjGFz0+zp4ZtuevqzVFTTltDQU3hNDtx4kp2H8vqukcjOj4TtgYXmPqG78tXYjobSOIZIXODjjHZNLw3YBBOHHyymgdJyfRcQ5RyakEn2OL8gFOGHDIOyjJBGykaMDHkopNfQtSKS4HY90EH1SoUOStkZ3zjZGMeyUDPV7FNcckJ/DJ1H25AbAoRnIJShDeC9HiKEPy/JNcMj3T0jkb3jAuSM4bjuqaSLqcTvuqogFMcMg+qjayKlh5KIw9P1THsIyO3uquRpAHyUL/P1VKaxksRqy6KJzOlIcFSPGO6jIwVl3GVHgnc+OAJCTcFCB5Kk2/weusjegnJJ7eiY+QRgKZvZypKn8WPJIiTaTRyBxCa/cHBwm04GSkP4z81KpsGhB1F2PTbPkoKmiiljPW0HPqqs7ZKUAOaAeycq0kyN8HnqizRu3Y3CoJ7I/fpZt7L2L4B7Y9QonUwIOP181fpV3uwx6weKmonQjBbhUUoLCvdzUccjcOVuqbQx52AWk6+O2PaTPFv6wM4SNfjbGDhehmsmfwjHyVqr6E0j8E9xkJ1O5TeEQ1IJot0m4KpZ39JJU8ko6iP5KkqiCSFr021yUZLDKeR4cSFC9w6Wp2PiUbvwt+qncsii93Z9AmvZ1AeoTh5/JL5pqk0xSofMHNYOnOPVNMoJcekDZRsHdIe2fNXqTEAOE0UhPdrDj5rQTihancNOPk1fRnw3RTCqjI23yHbfVb8SO8AtA26lpzznWk2/WltuDG9Ili6RjzIG/8AMLq9Iqyc9sjIvY7oM7LaHu7dQ6Nsdyjw5tVSRz5B/wATQf6/ovSNHRg+awLyRaufrTlx0fVyOD5KeibSPPn1RuLTlZ6Ls42z5LvVwso5CawyaMdTc9/knD4HAFNiB6NtkgyJd/dSRI8FTjb1+STG2B3TvI4/RNThonQhL0lCAyViEIQOBB7ISEoApquRsTXudsA0klctvtS+LrLrc9KaHhfL4VIz9oVLgdmucXNDT82gFdQroeqGZv8A8s/rsuFPMFc5+MHNNqSnbKXPqbyyhhZ1HpY2PDSwf681XuJbYMs01mJvNyJaMGmuCNHVSdIqrlP97dgeQJLR/JbKyHqyfXdea4f6Si0hpKy2WJzXNoKRkJc3sXAb/wA1fzKBkei8X1OpvrSeTp4QUIL9El2xgYTNic+SWSQOOw/JIBnY7LnGsj4txeRHAEbealacdu6YWhuMd0rNh80CyluH9kuU3JRkoIsCN2Lvml7n5IxgE987ob2z2S5LEeYDenb3S5T2s6nH3TvCx5olJFqPSIkhOVIWAH+qj/iwm7kPAkBMO4Kk7JAM58gk3pClPKDgZ3UEjfiJ9FXOiDm77qCSDvjIVST3N4Fzgt7xn3KheDk+qrJIwN1C6P4/mFTl+D4MpyCPJK7y+Se5mB55TSNwmJF9dCNP4vqqSp/Gqto7n5qnnj6jn3WcyVdBT79WE0/jd80sZ6CQN007kn1SIGSHt9UjyQz0SB++6CQ/IPmhcEbi2N8UkjfskLnE58vUJXYYG+aZ1AgnZOjLEsixWBjpHDpHSnNd1HcID+ryThj6p8qkmyQYWReZx27BU8tpguJcxw2x38wp3RtI7YSxP+7vyO6dTliW5diY4PA3zTk1BLJ0Z8Ib5yrDURluM77LJl5/f08oOMOByvA3SmDAcHOF2FtU8kE32UqkdrLM8/EmuGWhSlm+6YW+SukQ0b5+SXzSAYyEqQBzTjKNseqbnCOo74Cu0pKK5EFd3BIGVrlzlWJlRp23XEYL4p/DJPfBbn+i2OaxxaSdyOyw3zU2x1dwjrqsf/CzRydvR2D+hXRaXNKrEo3CzTZsV9lbefv3LxNTuORS18gGf989Z/mtyHnqIIWhf2Tdxjdwy1RbhIDUQV7JHRZ3DSwAH8wVvqCwHJdv6L0iPRxVTiTKqBwZFkqCaoiDXydX4ASfkO5Xg+KfGTTvCTTs921LcKe2UcYHR40oa+V3o1vc/RczeY77Q3U3F+lr9KaJt5sNjmcY3XBzn/eKrB7NcBlu22B3Q5qC3N8EUVl4No+aj7Q7T/CY1lg0kYr9qVuxkbL/AGaI+pcO+PZakWT7UfivbLxDV3A2+824SDxaBtOWue079LTkYPuVW8vHJ6/V4p9SaugLKUjxW0Dm/vJN+7vUKj54eCemtAwabu+m7eygZUSeFNGzdnb4d/VZ61KlOqqVPnJNUozprMlwbH0v2m+mq2lhqJrbU00srBI+EVQ/duIyW/3R7du5QuWLZJA0Ay4ONwMbIV/zzM/zUz6V0IQrBYBNJCV3ZU2c+vqj7A8Jxm1rHonh1q28klslst01S0k7EhmQPzIXGbk+pHa15gbJcKzL5X1M90qC/cPJI+I/UrpH9pJrmTRnLffoIZfBmu0sVC4txkxu+IjPvjC0i+zi06yr1tqCqczLqKiZCx+O3U4H+iytSntoSZdpdLB0jjcfEl6dvjIwPmVCeokn1PZTucI5WgfikO4/qmtYWNxncLw+4q7ps6nCaTZFghw6vyUrc+QSOHVg+aljGyzW8MZJY4GO7e6AcDt+ikLc+Sbj2SbxuGNyP9BGR/oJ2B6FGB6FG8MMAetpQ0fD2QD5dk9h7/NLuJois77qTCY0bp6STLMXlEb1Dt9VM9QtGXlMJEKO/slcfdKTgBIdifmoZTBDx+EJkjdinMOWkpj37OTYPOQZRytyFCdpdvTyU0jvPsoCf3n0yq0vkySBBJ5fJMP4gnyeXyCYfxBIaC+Ig7KGb+qmHZQy/wBVmvtkq6IfMpUeZQmIBEA4PyQeyQfxJwA8jbPb2TADunkZ3SBMESS6EDcJUIQKId/ZQS7vCnKp6g4lz5KWn8hVyikrN4n/ACK8hdmbFeuqd4znfK8xdWdR8/RdFaSxgrVVzk8w9uHnbzUbx7Kqe34n59VTuGNl0HZVIUJxamhLgAKRp6ST+iUph7JUIyaOc9BB2WPOOdKbhwd1HEACSxzsfVq99j9F4vi2HO4e32Nv/cOJH0/5LesZbKkcFWtzA8f9lfqePTeuNeff7hDSUz7RFUkSyhrWubIBnfv3WeuPP2lei9FCptujI3aovTXCN0nieFFTuGxJ/wAQ+S5VWuvuEFfJDSSzNfURtidFA4gyNOdtu6zpwu5b7hf7rS3i8UslHSOHUIn4BeMk4I8xuvR1cbFukcfOk5VMFqulx4qc0+rhU3ypqbhS+KDG9nX4MLc9g3JH174W4vAflQsOh7bDVXSnjuF0edpJx1NjP+63sq3RNppNLW91HbKWKiYw9P7tvdZQsF2aynjD2nqHd2e64TVtTq1MuPRuWlvFJPB6a3sbATl3U2Npa0tGMDyWnv2iN6ii05pO0fCKiSsZNt5Ma0klbbQVzXB5G+fL1XOfm71DU8VOZChsFCTM2CantdOM7Ave0P8A5lO9OydSpvaE1GKVPDMR0vCO+XKlhq4qKTwqhglb+7PZwyP5oXabT3A+2WqwWyiMcGaalih+KDJ+FgHf6IXou9HH+Kn/AMTP6EIVklEd2VM38J+SEJF2Bov9qt8XAgZ3/wCs4O//AAuWAfs1h/a9aHz64N/qEIWLq/8A8aRet+0b8Sf/ALtS/wDCP5KQ/jd9f5oQvDKnzZ1H+wB3anju5CFUl2Nl8gTcIQoxQwghCEAIO31UjPwoQlQ6PbHM7p/mUITmWYfEjeomfjKEJGSIV3YId3PzQhV5BHoVn92on9j80ISQ+wZQyfhPzTP+0/8AChCry+TJIEMnl8gmH8QQhIaC+Ig7KGX+qELNfbJV0ReZQhCYgEPZIP4kITgF8imjshCYAIQhACenzVPV9/qhClp/IVFHP/dKwXMdvqhC3LT5Mr1Dy8394VTSeaELpl0VBh8/kmBCEoAUw9kITl2I+hT/AJLyPFH/APhF9/8AoH/8UIWza/6kSrV+Jo9wWjZLxQtwe1rwA3Zwz/EV0Eb/AHVJ7bD2Qhd9V/0Gc7H/AFGT2w/v5v8A6i9ZQkgD5oQuHvfizetPgi90pPQVzt4df2rnXswn/fA6pdnxPizgtx3Qha3pnuRQ1T4nY19TMHuAleBn/EUIQu0OaP/Z');
INSERT INTO `user_info` VALUES ('小周', '7', '18773810000', '12345', 'data:image/jpeg;base64,/9j/4AAQSkZJRgABAQEASABIAAD/2wBDAAMCAgMCAgMDAwMEAwMEBQgFBQQEBQoHBwYIDAoMDAsKCwsNDhIQDQ4RDgsLEBYQERMUFRUVDA8XGBYUGBIUFRT/2wBDAQMEBAUEBQkFBQkUDQsNFBQUFBQUFBQUFBQUFBQUFBQUFBQUFBQUFBQUFBQUFBQUFBQUFBQUFBQUFBQUFBQUFBT/wAARCAHCAcIDASIAAhEBAxEB/8QAHgAAAQMFAQEAAAAAAAAAAAAAAAECAwQFBwgJBgr/xABNEAABAwMCBAQDBQUFBAcHBQABAAIDBAURBiEHCBIxE0FRYSJxgQkUMpGhFSNCscEkM1LR8BZicuEXJUNTgqLxGTREY3OSshg1NlSD/8QAHAEAAQUBAQEAAAAAAAAAAAAAAAECAwQFBgcI/8QALxEAAgEDBAEFAAIBBAIDAAAAAAECAwQRBRIhMRMGIjJBURRhFTNCUnEjgTSR0f/aAAwDAQACEQMRAD8A6oIQhAAhCEACEIQAIQhAAhCEACEIQAIQhAAhCEACEIQAIQhAAhCEACEIQAh+SRzw0bnKcqSpkYJGg9+yAElulPBGXvlwwHBOFDXait1thdNVVcVPC0ZdJI4Na35k9lzj5o/tF7zYtY3rTWgWRxw2176aorZgcGQOLfg+oK0Z19zAa/4myn9vatuVSHZIiFQ4Mx6YykyKd5bNxb0fqOvFFadR265VhOPBpalkjwfQgHIXqYqhsjSRkfMYXADlg1RW2PmL0BVQTeCRXta/w2hvU3qGQcd8+pXfKlnMkTXk/FI0PI9MoTyIVE7w9jx6jC5m/aVc1V40zcItBaUu0tve6EffJaN2JACfw59/6LoPxF1rDoLRl9vtS0eDb6Z85Oe+GF39F8+nEbXNfxM1vetRV7nOmrqp0zOo5IYTkD8lFVeOx2S/8P8Aj3xE4bXc3DT2r7hTdZDpI5ZC5shHk9vYrbnht9qtqW0yQU+tLPDdKLoxJVW8eFMD6kdiFoeyEbZHzSSxv8N3R+JV1UTfAmTvVwX5idD8cbEyu0zdqeWToHiUbnhs7D6Fp3WVmMYQCD3AIXzoaH1dfOH12bddP1kluuMJEjahjjhu+SMdjldv+THizd+OXBCyanvkX3e4uc+GV/QWNmLTjraD5FTRTlLKFM9RR9DQVKTkpWOyzp9EndWWIyeL8SkPdRxfiUh7pBAQhCABCEIAEIQgAQhCABCEIAEIQgAQhCABCEIAEIQgAQhCABCEIAEIQgAQhCABCEIAEIQgAQhCABCEIAEIQgAQhCABCEIAEIQgBCqSoovHnDgcbhViQHBCAPn85mtIO0bx913bJuuONl1nqabrz8Ucjy4H/wA5WIw0yVzA05aBv7Lop9qnwYNvu1o19boQ9lYRQ12Bs1zfwuH+vNc74acx1HVGeth8019il70dcX2DWFjuMcroH0lXG4TNGS0F4ycL6EdL3mO4abtdZBO6eKeCJwc5uDjp3K+d2R/hTRuO3S9p29iu+HAyuNZwm0jIcHxLbE847dv+SqU203kDDv2iGvW6M5d9RQiRzau8ubQwYdvuPiOPlt9VxhpYwGQuP8LA3C6CfaycQPvGrNMaTilOKaI1T8fwlw/yXP8AiHTTt9cJK08vAhUt3OPbPzQZOnqDQS7tspGfCWuxnpG/uq3R1jrNY6jpLFbYJKivq5hE0RDJaSdlBCIHuuXHl/vPMFxIo7HQHwre0+JXTkH4Ixud/Jd0eGuiLboHSNssFpgFNbqGFscMeMYOBk491hDlG5arbwA4fwU0lMBf6xvi1spG7cj8A+S2Op6iOKL4QWhg+eVp04NYY4ruw2GAkL2g4JAXg+JfGrS/CXT7rvqS4w0NMwE9DpB1uPkGt7krQXi99q7UC/U8eh7C+C3Ryt8aquDWuc9oO4b6A/VSPA06eseI3dJO/dS9YJ7rHfCziHRcSdBWLUlDIJaW507ahhafwn+IfmvdwSBxHokwBU52QDlIfwj5oZ3+qQByEeZQgAQhCABCEIAEIQgAQhCABCEIAEIQgAQhCABCEIAEIQgAQhCABCEIAEIQgAQhCABCEIAEIQgAQhCABCEIAEIQgAQhB2QAKGZ5aNu6k6uyhm3cPRAGFuajhS3i3wT1NY2QePXGE1NIM4LZ2bjHz3H1XCIW6bT001vq4Hw1MEjmyh/+IHBX0eVkRlpnhvfH0x7rix9oDwzZw25gK8wweBSXVn3uMNb0s6u7sfUpGKaxVU378uP4Q7I/LK7kcm1+Go+XjRtTn4m0LInAnz63DH5Lh2+DqkJI2zkrrX9mvqsVvLi4VRJ/ZlwmjY4+TWx9X9VDhZD6NEftFNRm+8z2omhxLaNsNMN9h8AGP5Fa8w70zfbBwvc8db9/tbxi1ddnnxPvtzeWZ36WtGB/JeJ6DHT9fcDc7qlP5DlDcSNLw1zhnAIbsM910q+zh5RW6fp28S9TR9NxrAPuNLKMeEB/GR6rU7k05fpuPHF22Mngc/TtukFRWSEYa4A7Mz7rsw6e3aR034AEdPbqKIGRzukNiA9fLAU8F+idHonxwxuLpXCNoGTk74WsnNBzvaS4BUFXb7ZWR3zVHSeigiIc2n95CP5LWjmp+0UN3obppTh+ySJ+XU095c8dT29sx47DvuufbpZamsqaqapnnqZyHSTTvMjnY+auOptWOgye54rcbdV8cNR1F61LWmV/iZipmO/dQjy6QvEyNFQHNeAQ877DdIOwPhho9QhxyDvuRjKq+XEv6DGDoR9mBzJi31M/DK/1BjhlmL7fPK7PS7px0Ae/8/muntCepuQ8PLT0nAxuNl85+hNTXDQmsbPf7bKIqu31TJ2EfxAOyQR8gvoC4Ma3o+JHD+y6jonh0Nxp2T5BB3LRnOPNWYyUlwDWD3h/APmhvf6od+HbfCDsASnDR3mUJAc5wlQAIQhAAhCEACEIQAIQhAAhCEACEIQAIQhAAhCEACEIQAIQhAAhCEACEIQAISZ3SoAEIQgAQhCABCEIAEIQgAQhCABIUqCCgBg7KGXuFMonj4sIApqx7mU8nT3xhaSfaYcIm6u4PUuqaWDxrnZndT3NGXeE74T7+i3glALMELyWudO0eqLFVWqujbNSVcL4nscNtwcFAHz0zFxD8luMbFrs/mugXIxr6LS/KrxRd1YnojNMDns18RaP1atJ+M3DWt4UcR9Qacr2OjfRVLy1zRhrmEnB+oXqOFfEZul+D/ESwunmikvELIYPBd379RP+vNQyT7FMVVNQ64XWeWR2S5vi59Sd/wCquGntPVmq79a7NbaZ1bW1k7YYoGd3OKtVCz+0zfF1ANDQT54W8P2dHDex090vHE7UxpWW61te2nMh+KF3T+L57EfVU5RzwGWbm8v/AAhsPK1whbDXyRUssLTVXS4PIb4YwHOznv0+QC0G5vOeu6cXpq7TOk6mW3aUa98YmhaWPrsOGS//AHSM7e6s3ORzl3TjjdZrBYaySh0hDIGhrc/2o9iXHvjI81qvI7oLmhwc7ft+EfJXIx2rAEzGujk8R27nDBOMYwNlKB8Y77+yktlHUXOfwaWN1ZOP+ypx4jvyG6zVw45O+KfEmenNt0pcqSlcPirK6IwxsB8/iwcJtSOULFcowu8ERtB22UZ23x/NdHOFv2VTYKumqdeahmqGtHxU9rkdFt6EkbrZHRvIHwe0VWiaLQ9PeJ8hzKm5TGUs9+lxVfY8l17DjvpDhbrDXlS1tp05XV8BeAJIIHuA/Rdkfs/dC3/hvy72Wyahjlhr4qieQQzHJja5ww32A3wFnyy6WpLHRsprfR09BTRgNbDTRiNoH0V3pYWwyYAA9cBXILCKj5JWudh381L3jGUxpBDk5rg7YKQjHDsnIxhCABCEIAEIQgAQhCABCEIAEIQgAQhCABCEIAEIQgAQhCABCEIAEIQgBj39IyhruoeibN5fNJEdiB37oAlbuMpSAPNIHYG4wUZ3QAoQk6kZygA3Rul390b+6AE3SpCdu6a6VjcZKAHZRlU0lVG134sAeqpHXulbTiZtRGY+3WHZCALp5oJwM+Sxzr3jpo3hxTNqtQ6mtlrh6SeiapAe7Ho3clax6p+1R4Y2Saogt1DfL4yPJbU0wjjiJ9Opz8n6BJnA7a+zduSo6AHEfCo2XCOYkRHrI77YXLzV/wBrFe7pIX6a0XDbw3PRJcauSUY9cNbgfmsRam+0N47ajlmdSXFtrpnt+A0EIfk/7uW5UcqkYcMcoOXR2flrfCbkh3/2k4/JQC6Rl2CCzbPU7YLiJFzD8yGoYI20+pNT1Tpck+DC78tgMKnZZOY7UtUZaiu1c/rGMfeZG/rlQSuqcO2Tfx5YO28+o6CMlr66mafeZo/qrPdtbadoPDbX3y3Ucb84kqKqNjdvmVxWuPAnjhcQ51ZSX+uP+/Vuz+WVaZeWTi1XNidUaYvE7mHbxpC7H5qP+bS/Rf40jP8A9pDoS23e+0nELTVwobjTVRFJXCmq2y7jPS4AHtt+q0gp5HU8bo2Ahju/qssS8snFCnppIZ9L3BlO6QSlgO3WM4JGe+6tdw4Ka7oGB82k7nE0bZigP5nGVG7ym/8AcO8LR4Sld4ZyGnf8lUQXy4UNHNSw19VBS1GPFhhmc1smPIgHdVFw01drPIW1lDU0rs7tmYQR9CFbZIXdGC0hNjcRck8kckk8HsuEXCa+8dta02lLDHG+umZ1AzZEbGA7kkLobwr+zF0Zpimim1ZcZ9SXLvLT0sgbTx+3VjqK55cHuLmpuCusqe/6ZuH3OoYxzJYpg10MrD5OB8vkt39L/at0dNFAdTaEkMkDQyWqtlZ1iUgbu8NzRj6OKvRqRl0yJo3N4e8uPD3h1Gf2FpO3UJcADKYQ+Q48+s7rKbqZz42gu6gzsG/D/Jap6G+0h4NaqiiE90r7K6UjpbXUpY1pPkXkkLYbS/EzTmtLfFVWS+2+4wTDLHU9Sx5I+QPf2Tnngco7lwewoYHtj+PqOTtk5VcA5owANlR2+o/df3jTgdgVVCraRs4HZT8MRxa4GukeQd8Y7Jga5jgc90viAjY5Sk+ndNSGPgVg6eoKeMAYUDTud1Ow9ko0kyhAQgAQhCABCEIAEIQgAQhCABCEIAEIQgAQhCABCEIAEIQgAQhHnugAQjAyEBAEU3YfNR9vNTkA90jg3pPlsgCMOPbyCoLlqCiskZnr54qKlGxmmcGsz6bpt8uDLVRtrJJmQU0TuqZ7nBoDAMncrjzzo83WouYjiDJpTRTqiGwUE3hU5pnbVrwcE5H1/JNlJRWX0B1ZsvHnQd/vzbNb9TW+qubndDaZk7S4n2WQGSgjb+a+fq68EuJnCe10erKuCW3EyMkjrWSOM0DjnpccHtnGV1E5JOcFnG/StFZ75NFBqykibHM1x6fHIGOrf2wcpKVSFZex5F67RuF4n+spPEwrcKxryWNmjc8DcZC8hxN4uWXhLYhd9RXWjt1DuOuaQAk+QA7kn0UmGIe/fMGgk/yVg1Xriz6Jthr7xX09vpQ0udLO8Na0e6528ZPtZXw/fqPh3aPvJYHNFfWtwAe2Q3zHz3/Natiw8c+ay8ftOulr7hQTODi2Uuio4yT/AIfP8lBVrU6Md1R4RLGnKTwkb38Y/tRuHejblPbtLU0+sriOz4GmGmGPWTufyWnWtudPjVxqe+3WWtns9uLi6OiscLid9iHSdzj1KzDwp+z309b5GVmraiSukGwo6fIiJHcHsVtVpDhRpnQlFFT2e0U9FEzGA1u/5lcpeeoaVJ4pPJfp2cny0c3dN8n/ABT4kVlPc7lUvoXOyXz3KoL5HA+xWcuH/wBmzZYKxkmpbvLXPLesspfgYT7n/JbsuoafI/ctdnfcdlP4YY0YGwyFylx6juJ9cGtTtYJJNGELFyc8NNLdHgWCkqJR3fO50hPzB2XvbXwh0vZ3B1FZbfTOHnFStaV7XoZgEMGfVAyDkArKqavWqvO4vK2prpFHTWaCkZiOFjR5BrWDH6Kth645BgBrR23b/kjqcSN8JcnO6rO8qPlyZJ4orgdNE6Rxf1Nz/wAWVEYn7Eln0b/zTurbCQenZI7qf6O8UPwjmkc5haerbbc7JkdBHURs644i0eQHdT+EZGuBKWGAgYz+qhd7WXUhPHB8YLFd9AWO9SPNZbKOYO7h0DT5evdY9v3K/wAPbw4vn03RdR/ibHhZhEbh1eaicA8EHf5KelfVVjMmUalvDPRrBqjkR4d354kpqWa2SkAF1O/bHyOyxvf/ALOS1xU0v7MvtR1uJc0zsbt9FvR4TekH9FDNG0sO+MeYU0dbuKLaTI3a03Ho5f6k5DNeWeYut1Yy4NAPUaV3SSPRwJ/ksYzaA4icJrpJMI7pYHwuywUoeGZ+me/uV1trrbHK6ORgYXh2RgYKpLnQMuVI+Ctt0VTE4Fp6x1ZH1Wlb+qqyxGYq09SXt7NAOGP2hXFLhldqalvUkeorZKwCWkqmtEhwe7ZAAQceRW+PArnv4ccZRFQ/tBunb1kM/Z1yna17jjfpPmFhbiRyjaN1dSu+40cdpuDu0sTTj5EZwtUuJXJZrDQMz6igoJLnTgZFTQMcZYh3+HA/ku0svUNvccSeGUa1nODO1VI4TtbJFOyaF24fG7IPyKr4jkBcS+C3OtxW4BtZbpqt93t0Lgx1Fe43dUYHdoduQfcrf3gR9oXori3JS2261H+yN7nw1tPcS3w5X/8Ay3A7t9PddVCrCpHMWZs6bijbwDGSqhu2FaKG5sqmBrZWyPO4I7O+SuzHB0YzspCq0ShCa0n+LZOCBoIQhAAhCEACEIQAIQhAAhCEACEIQAIQhAAhCEACEJCgBU15wEoKRw2QANOUF2AntGyp6h+G4QBIJA7O/ZQVVQxkEpwXloJLW7lUs9cKVw63NDcHLnHAAHdaU85X2gFn4Vw12mtHyQ3XU00U0TqqCTLaQjA+P0O+QUdcsXDPB/aK82UBoX8L9JVz6i8V5ay5y07seDG4/wB0AP4jjf0x7rynKByyR6XbFqbUNI+quMw66dkrelsB/wAWPf8ARYn5TOXy68Stcya11FmrjjqzLPU1ILnVMjviDsnuF0RitdPRvLIshvT0d8YXnPqDWFtdCi+TprGw9qqTLDrPS1JrfSd0sN8bFLRVzDG+Qt2i/wAJwuW+sbfqzle40TOtRqbdc6R/9lqXxudFURk5AJz2wuoHELXtBw503NdrvLHDSs3aHHLngeQC5x8wfHOr4zawgp6OnP7OjPhwxtZmQ5/D7+fZQ+m6txQcqlbokvaNOS2rs9NeftHeMtfRyU0dytlrf4RPXTUYDz83d8rG9LRcSuZ+7MrbnUXO8SOIaKuqeTTsIONs/wBQszcv3ItcdVV1JetTR/cbe4idkM28kgB7FvkFv3pzQVr0baoaOz0Yt9MzYx+GGk489lu3uvU6axF5MdWpq9wQ5BrDaKqlu2qnGvmp8O+5Af2dx7/F2zv5LbShtNPbI44qWkgooowGtjgGGADtgKsic4nfsPbsnkkn18lwF9fzued3Bp06LjhjiQ53kT3SdPnnG6VoAcMJxbn33WBKb5NSlTe3IjwSQe2ylI+H2whwyR6Jx/Djuq023wWow/Qa3DBsEuB6II+EbozkquqvuwOfDDAPkEx+5Twd0x+z8K9GWYojYzO2UoOOyTAIOdseSU/hCXLK8ZZkRmZzXEdkjZ3N7FJN1Bx32ULnHbG6TJbwVgkccprTk7JWg9HthIwYAwUJ46I5RHZw3fuFSzHqa4A4J3yqh5Od8YVIXEHAO52yq1TptDVHkopSI2YIDiPMKGQl47EZVTUvaWOyCT22HmqIu6yzp8/VYM5TT7NalCO0SWPqOQB1DzUbIneKSCWuPmd1OW7ZIAJ74KQYb5pI3E6bWGSbIrnGTGHE3l60fxSopTdrVTxV+B/bIIwyV5/xOcO60V44co+q+F9S+5WwSXiyZ8Tx4c+JTgHILgMY+YXTkMLxjBx7Jsttjn6vEb4gcMOY7dp+Y7Fdjp3qepa4jPLRk1bJTi0kaC8sf2gGouGdbSWTWD33jTjHeE2aQl00JJ7gnfA911Z4fcU9O8RdPQXex3CO4UTwP3kG5jJ/hcPIrn3zAcmFu1nS3O+aQbDS3gRuMlC5uI5x3IaABgjv3WqPCvjRxG5SNYubQ1FSbfG3+1WiqyWSb74BI+i9k03VaV/BSg+fw5a4s5UzvNHKC3c/Enh+Vrny1c2ulOYGzwfsqpjt99YzrqLRO74x7tPmN1sRA4uaCe66JZ+zJlBx7JcpUhOyPJOYxioSZBOyVIICEZRlAAhGUIAEIQgAQhCABCEIAEIQgBHdlAHnI32U7uyph2CAJ+zs+SXrAHdQgkb5/NI55d/6IAm8QAHK8zrDVls01YbjcrhWMp6SkjMkshP4QP6+ypdd8RLXw5sdfeb1Ux0duoo/Ekllf09R3w1vqSuQfM3zWau5sdXyaa0nS1lPpczgQU1MS2afB7uA8lHUmqcXJk9KDnPC7Mp80vP1edbTv0jw0rJYqeQBk1yp2Bs8gJx0gnsPkFZuB/JhDW1sGqNeRy1b6w+IaRzgXTE79Ux7/wCt1kTlz5UrRw8s1Pc7xEy4Xh7ARFKz4YD38+591sTTw7O6ndG2GhmwGO68x1b1DKU3QpM6q0sI/Op2NtVDQWCljpbfTx0lHHgRwxRhjQ0euFZuJHE2z8OdL1l3uFTBExoPQwvxJK4D8LR5lLrXWtv4e6fq71d5GQU8bXNhjkI6pX42AHmubXEjibqfmG1/9woKd1d4r2xUsTY8xxNPc48j7rA0vT6l/V89V8I16ko0oJ5E4h8U9ccy+t4rPbhLNSvl6YKOPIbGD2yQt0+AfKfp7hdR0dTeKX9raokja+eaoPWIn9wAPQK4cuHLJauCukYKirgjq9RVvRJJMRkx+oHv2WwFHQxMqfGDS10g+Ja+qahsX8ejwkYye57v0qaaFjImjpaCNvhGMKcv6ySe/ukDA0kAYHklkwMbbLkst9kqpJBEMl3mlBGdsYQw4z6poGD8lBPOSaMcPI4YB2GyR2ce6ccHOPJNce588qJ5LcWSxHIHspsAtUEZwAp8jChqcDpMaO24SgZztgeSAMpQQAqUO2R5BwwFE4YcFKd8qOTZwV+n0R1H7SLALimS5JA9ApD+NRyfi/17qVEUCF79nZKijy54+aWUHJ91JTR+eMILaKkglhCWEbJ43BCAMYKjkMk8Ippf7wqCIN+PzwPNVLx1T/RUjXgOf8lDLobTmmyjqgPCz55KpmjByBsMqeeXMOfLKgY4FpOc5ysSty+DapfEewbuJ9U7ATAe4O26XI9SqjHinZHiHfJSEj1TSU+GM8jX0OdI5gc5vcdsLCHMDy22HjPbZJ2hlvvxiIZUsH4nDsPks2PkDWknZUlYG/BGRs8HGPI+uV0mk387SrHaylXpKpE5KRza75XeKMNRSPfa7rQPzHUynaoZkZ2zuF1u5Rubixcw2moW+OKbVEDS2qocEAnb4o892/r3WIOPfL9Y+NGmZqGvaIbxHG40taAD0HG2fZc6LRe9W8rvGMVdBMYLjaphG9jMtbMw7/UHHf3yvfNO1KF1BOXZxlzQw2fQJBWeI5u+cjKrXn4M5WDOXLmGsnHjRFtvlBNGy4SMArqEO+Kmf2dkdy0nsfNZrfVRtYQXDGO+Vv5ysox5Jp4Fa93i4Kqj3Ct7Khr5wWkfUqtLsjO2yBg/J9EdR9AovEHr+iPEHr+iAJSc+WEJjHdSegAQhCABCEIAEIQgAQhCAEd2UHSfTCnKQk59UAUzhhxBXiuK3E/T3CnR1VqLUd3htNtpiOqWWbo6jgkNb5knHYd8L1N3u9PbIqiaoe2KKIDqe84AyFxx57OZqq5htewaP0419XZbZUPpIomH4KmcHBOx3xk4KSTUE5MXDfRa+ZbmY1Tzc8RaWzWSWpisEL/Bo7dA4tM2T/eyj+EYx2WzHLfy3W7hDYWVNb4dfqSYdMtR0npYO/Q309c+aXlf5bqPg5YWV9zjjqL9WwgyeK0OMGRkNB9vRZwhb932Jzv37LyXXNdUm6VJ8HZ6bYeJeWquWVVIcDpySO+DjGVTVlRSw0dbVV0zaelhY50khcBgD39f6qpZMI2OJGMeZ7LUXnj40PtFMNCWmpzU1cYmrJInfgbjLWjHmck/Rclptk76vvS4/TVry2cmIOYHjNdeYXiHR2Owte6ihkEFvg8yfwl7x55K2r5aOXK3cIbXFWTxh+pJx1TGVvV4Y/12WOeSLgCywUw1lfqIT1MzSKMTD8LT5/yW4NDAwTOZGT8W+T5N9F12o31K1pfx7Z9dmXVl5EkyqtLZXGR0ri/fuVe+jqa0gDZQ2+ECJzQMYPkqsABwxuFxUpOcs5J6dLC5GAZxn0TKjcjCkfHuSUwY/wDVL5SWUUIGFpHzQW5UrXbHbf1TDkDOVDKe4r/FYQ1owUrgSNghPYP5pu4sU+I5FYCCMqXqzgZSZ9gEmT6BRyxIR5Y4eg/NKcD0JURySO6cHeyiUEnkRJi5APfHqmPPURukkGAU12RjdTx4I5KWAOdz2Ubhlw77j0T8pfxeyk3YGLKKaVhPYZKnhZhozskx8R9E8HDQk3FyPIrd37+vmlc/cKJ8vfPdQPmyAc9kxvJPGkpole8Bxz8lbnuGX+qdJNt57qldJnKq1Z7VhCxpYfRTzFzmdvNRx9fSdhn8lOfNNd8PzWRUZdi9qEaSG/EcboLwHYJUdR1ODQAoGuMbx1bqrnkfngrM748/mg7d/wCap3zNAAfH+qlY5rxlo6QPIqaMWN3foT5MRLfzKxjx54y0XBnSAus/TJVPBbFG7cErJsgzE8bk42AC5tc6GvKjV3FSezucDS29wiYxuenrdgf0Xb+ndOjcV91RcIr1ZpLKH3Xnd4iy1r5qZ1PFBIPg6IQcA9u/9VizipxovfFuehnv1FSxVlP8BlhhYx0g75d0rdPl/wCUzTVHw/iumpqBl2r7mwSCGYnEbAMDGFedX8jmhNT0RFCKmyzZyzwHAMz7+ZC9LpXllRWI/Ry1WFSTbwaWcsfMBeOXviEy70niS2yUtbX0bW7TRZIwPVwzssp8SPtI+L+prxXO0tXM03a8kQQRQsdUd9jvlUmr+STWFj1XQ0FHUR3ChnPS2p6sGEepW0fCblU0dofTkf3m3011vTmf2qpqMOAd6NHn7lXZ6zQhFbZZKTtm3yjW7gx9ojxYsep7b/tneHX62vmZFNHPE1kgBcBkEAbDK6/2G/014tlLV00rZYKmFksbwchzXAEH65XHLn24aWLQOp9N3KzUjbdHcYniqZEB0hwOAW7bd8/RdE+RvVB1dy2aFlkqHVNRBSimlld36ostwfyXQW9eNWG6JlVYbJbWbGgk/wASdh/qUwDBz+ql6sAHKvrlIhCM9B3OfdTAg9uypXHYYVRF+D12Q1gQehBQe6QAQhCABCEIAEJvUgOzhACuOAoDVCMbqaQfuz9Vjvinrig4d6WuN+udWykpaGF8/iSbNLg3YfPKA+zUz7RXmll0Naqzh9puqk/b12ZGKqSMhv3emc09e/rjsVr3yMct9IyCLWt8pC9jn+NQCYZ68ZHib+ZKxLoG2Xjmn5gay7Xd8raesqDUzvc0logBw1p9MtA6fTJ9V0soKGntNvpbfQwtprfSxNjhhaPwgDC4T1Hqfhh4YP8A7Om06zTalIr5nAgZaCfL2VPLTNIBJ9E5uZHZkHbsFHWuMUYc0k4yMe5XjTp/yJptnZcQwkY+42cSqfhfw+uV5lkDnNa5lPT+b39gB+a0N4J6Cu/MFxinuV1e+opzP49VM85bjHwsBPpsFkLnl4ivvmrLVo+3SCshp/3k0UW+ZSQGtz+f6rZHlz4Tx8LeH9vaI2i4Tt8epe5uH5cMhp+S9IppaRY8LlmVX90jL1roYbXRU1BStEcFPGGADbGFfrfAGSB3me6tFHGXODukn5L0FuDeok/CAMnO2FxinK53Sf2Rqmlhsqqb93G9w8yqrHUdt9vyVoN4o6UPbNPGxpOxc8DH5lLTakt1S7w4K2Cd/bpZK0n+atU7KpjKiSbljgujtmqE+SbHMZg7EUmB/F0HH5pY3jp2z8yCP5qu7eUe0RuXA8B3bGdkhHwZUmWgHz90wjIIVScdrK+coRSMIGcqMb7Jcn1wmYLdJe0n6/cfVHWPVqgdlp3OEB2e2E3DHExOXDBH0Qe6Yw9Lt/0S5ySkAJMYKZ6FOfuCmkjI9kqEk+MC/kkPsmktUcs7YcZwcoZHhDuoAnBQ9/wgKnfOGkuJIHfYZTZ6pkLI3yODA4bdXf8AJSRhKfEUOUorthK85J7Kle84O3dUsuoLd1Pa6ribj4cueAM/moHX23lpP32Agekrf80+pa3GPbFlylUil2Vbn5KhB3ThIJYRLGDJEf4m/EP0SMHU3rAd05xnpP8AksWrTrU8uomi2ppoHbDdRPee6mfgBU8jT/NUpxYvDGvJPY/NRNdEyQB3U4kp7oS7udwhjHxtc7I6sZ2CrbXnjsdxgSWLOCPiJ8icJ7WyMwHxhmR5OVqvd/s2n7VJcLzXMpY2jIc93StUeKPPjTWC4SUGj6eOtqukx/e5Gl4acnsPP5rsrDRbi7Skuv7K0prGEbg1tXTUVFNUVNWKaOJpc55OwAXLqiss3GLmKdTMe+emrLq53iRbjw2u2J/JVNx4u8Z+J/jML6yajlBY+CnpBHGQe++FsnyacCLhoqKp1NfqRtNXzt8OCB7fiYN/i9u69A8VLSbWexptr6M6s3KSX0bRWWAU1BT0UbTHFTQiBmfQKt8LpHQT1D0KkjLXnHSWNAHnlOPSBsST5LyavdycnhlilSSWZCeEzpx0NaD3wFFFTxQs6WsAA7AKYOGyaFFTupJpt/Ys4RRqb9obpdtfw5tF5LOptDVdL9t8Ef8ANZD+yo1O6bh5qGxOkafuF0MoZ1ZLRIwOwP8AXqqvm5sH7f4HX+MjqMLBK3bzBWA/sn9ZsoeMWp7DUTtYKy3MqWxk/EZY3YO3/C4/kvfPT1ZXVvx9I47UqXjq5/TrQ1+Bv5p7tm7eSpo5WSjLHh4PmFUY+ELtFxAx/oTfO/oqmH8H0UBb2+SqIhhn0SsGPKD3SZ2Sk5KYICEIQAIQhAEbtgcKJshBG6lkOWnHooejJz7IAZVVnhRE+S5r/adcfXXW4UHCizTOif1MqLtM3By0g4hA9dt/muhGsrky02OvrJZTFHSwumfIBnpDR1E/ouKNjpZeYLmTqrrUSz1UNddZKvMvdkXVhgz54wVWuaqoUnUf0Wbem6s0kbicpfDOk4e8PH1b4Gtul18N7pHDLhDjLWb+izr5egVgoG/cKeClY1rWU7BE3pG2BsFcY6t5b8Q2Xg2rXUrmpJs9CtaShFFefTt7rx/E3WkOitCXq71DxF91jJZ1Hu7G36r0wmcchajc92tZLZpm1ac8YsdVvNVPHG7u0bAfJM0a0Ve42tZS5LjazyYs5Z9Dycb+NMl6uodUU1BMK2ZpP4vi7fPcFdDZXRvc4M+CLJ6R6Dy/Ra68jejhpTha+/CMCsvOSHnu1o8vqs2651JR6M0xcL1WS+HT0kLpHOJAd1AZxj1zhbWsVp3ddW8PrgyanzbZb+InGLTnCS0tuN7qhG4O6Y6ON/76R2NsDyz6lah6p5l+LHMBqSrtegrbVwwxkMip6P8AG5pAyXydge6oOHPDvUfOvxeuFwq55qXTVK/FQ8vyQwOILQPLsV1K4TcHtMcKNOQ2zTlqit0PQGyTdDRJNgY3Xc6TokaFGMqsezIurtw9kH0cy7LyWcwXEBwmuld+yQdy2vrHPI/IgK6V32bvGa2Qmqt2qrbWVDG9RijnkhcfYHqXVV8YY0Rtb8HupGQMABLQD8l0qtaS4SMd3daLzuOOdTDzKculQ6Wto7zUUEWctD3VMAHqR3wsscIvtEorrXUtr1nQspJnOEbqhg6HMPu3AXTOWFk0b2Pa17HDBY8ZBHuFqtzV8j+leMtpbV2Kgp7DqZnU6KrpowGSP7jqGPNZ9xpVvXXMSeN9N8MyJYdQ0OordDW2+pZWUk8YkbLEQRgq5ZBG3mubXAfi5qzli4mO0RrIz/sd84ikY5uBGSQOpuf4d8n0wuiAro3RU1RBKJY52dTSDn4fI/kvKdZ0uVhVyvizaoVVUXJdDsUZKpGVzSO+5TTV5aTlc8+Eaii5fErdi/cZz5FHT0E5PuqD770uHmUjqwkHff5pHUTiP8UiudLjfKaZ985VuNXjzzumGsBPdVPLFC+FlzM4PZMdMOyt5qgPNJ96B/CR9UiqpvgV0CtdOBGSB2GVZtQ6ptlltwr7hWQUNLG0ue6oeGkY9PVUOpdWUWlLFW3i61EcNBSxue8vd0g4HbK52a94ga65t+I9JYtJQyutrXhscDGksaCcF8nyC63SdHld1HKqvaUq1SMVgzpxS+0PsVhdNR6YtLrrPhzW1U0nTHn1AG6wBeOIXH/mCqmR2un1BLSfiZHQQujjb7dXf9VvRy88gOjeHdLT1+paWLU2oMfvZZoxJTRu/wB1nqPVbY2+x0NohjhpKWKnjjGGCCMMaAvTLbS7a2XEUYFS7cW4o5B2Hk45hdUQvqKijrqdo7sqa8gg/LKorryg8f7VGXxWytqWtPxiGuyce267NxUzH5IETc9yRkoNCxvboz7NV+VOD6iir/NqJcM4dS6i5gOC9UXzxaittOz/AL6J8rCB+iypwr+0Fu9FUMo9ZW2CvYT8VRSgxzRt9SwZBXXKttlLXxiOrpoaqL/BNGHj8iCtdOO/JFw64v22sqIbZDp28lpDK22s8Ih3llowCqdbT6FzFqUBYajXi+8lk4f8TdN8ULPHcNPXaCsY8bQDaVp9HN7hendgOIOR69S5h8TeFnE3k01nQVMlTM2kbL+4uNICGztyNnt+Xqt4uAvGam406FiuPjCO60hDKqnGA45bs7HoV5pr/p2VovLRWV9nUWV/CulF9mWDuRjPfukkOzvkoI3kxjdMcXOHSDgkd15nPKnybSWVk0q+0GvtfSRWOmhMjKSVpDwwkA/NUXJRy+aW1lYIdVXmFlwrTJ0Rsc/LI3eRI7/qtgOZvg3BxU4eSwxxl95omF9PI04LzgnC0u5buNVZwB1MbHfRIbJWTGKZoceuB47Ox5DP9V7dpdaN7pjjb8SxyZ08x7Oldu0pb7RT+HDSQQkNwRFG0NB88bK4jq8ONjnEhowFZ9O6hgu9HTvimbUwzMEjJIzkbgFXwrzW8lWpz2TkQyk/oVpwEp+SQbgJf5rnZPLZa3blhiYTjsNk0o3wUzHQuxtcHluJ9sF50Vd6Nw6mS0crS33xkLm9yh63dws5rNN1U8rKelqKye2VRcP4Hdv1XUSrp21cE0UmCx7C0/ULkZxo0xV8NONFzZPHLTRw15rYZ8YDWh2cj1XtXo27i1Km3yc3qqSknJHfalbFC/w42dI6QTjt8lXn8IWMeA/Eih4mcOrDfaSoM7qqliMvUd2y9O4PvsFk5rg5gIORkr1OMsxOYYp/oqhn4Qqc/wBFUM/CE+QjA9glCQ9glCYIKhCEACEIQA3oTHMw3A7lSZTXuAO+yA7NZ+eDirDwu4C6oqjJH96rYjb6ZnV8T3PJDtvYZK0L5A9FP8Sv1FOC6OICGLq8nEZyF7X7VziHLW8TtNaPg3oaSifWTED+8lkf0NHvgZWT+WnRbtGcLrZEP3c02JpdvxggY/Rcn6huHC3cInRaVD3bjJscbohhxBd6jzUrXu2ARIOl5x5prdnBeI1XwzuVHgk8bocc7gDJXNvml1NW6743Vtrc5pFKY6OFrRnbqC6K3SrFHSVcxOAyJx/Rc5dCUo1zzKdZb4rJ7qXnz+Fr+3yXa+nYqFOddlKfL/8AZ0W0NaKfTmhNP2umjETaahiDmDyd07/qsF88t+bQcKorbE8h1zryJHefSxhOB+i2Io42+A4+YeWfQdlrBz30kn/R/Zqtg+OCrkGSMgdTMb/kodNqKrfuUilUeYtm1nIxw0ptJcCNPT08Y+83aD79UucAHHqJxv6brY+GIvjIxu1Ya5TL5FduX/QtVA9r2MoBCejyLTgj+izbT1TT1ADGV7bFtwS+jiazfkkzy+ttZWvh5pavv19qG0lBRt65JHeix1wc5r+HHHa5y23S17bUXGP/AOFlb0vd6keyk5teFNx458E75pm0TNguUzo3xB5wHlpJ6T7HK1B5L+SLX3CrjTDqrU0DLdTW/rLIaaZv75zgNth29kYK7eezo40EZBHZOd0gsJGcEO+Sa1r+5bud8J8jDgfJRleU5KXBoH9qJwXhq9D0HEOgjEVdaagx1T2ADrZJ3yfy/NVXKFr+bWvCe2NqpfHqaGQ03UTv0hoP9f0WdeeO3R3Xlh1xTy9LQKfrHV5EEEfVab/Z41b36f1BTYJiikY9pPuN/wCS4f1Jh2zyujqdO65NyevBODj0S9ZI9lG4taBnOSBlKJG57+XZeLKo5xaydVRfOBXEuOxx80AEZ+LKARuQTjCTxGkbHPfdV8S+2WuU0hHguxuoi3HmVPkED1UL/wAJKhl9sm6IiT05z2UkUp2yOr5KN2wICKc/vX+KeiJsZd1DyKWxTqV4wyR1JbY5NIudDirX6z1nS8LdPjrhfIPEhOz3TOxtn0W73KRy12TgLw+oaRkPjagmha+sq5Ggua5wBLAfLHZc/uWK0f8ASnzt+PVj7wyGpqKx/XvnwycLsLQUzY6SPAGXfET7r6QsqaoUYxRwt3cZngmhgbDHhox5psw6SD3+YU5IA3TJh8HV0l2BnbyVsyKnKyMZJsDgDPqnMkMhwVpzzg89M3L7qOi05p22xXbUNQwSytqtoYosbEeeSvW8mfNnJzL2qv8Av9C23Xi3uxPFD/d9wNvzToLggikbPsacZJzlIAGRvb0g9XqpyPhGFA84z6KVZTyJk8Hxd4U2Ti1ou5afvdMyriqaZ7Gl7QHNPkWu8t8LkNoGsufKxzK1WnLg90NvFUaeoYTkPYdg7HyOQu10/wC8aM74XJ/7TfS0Fm4/2S9sZ4b7lTtJd/iLPkoruCq284yXDRatqjhUTRutA0vp43gZbIxr2n1BAI/mneFvk+mF53hrVvruH+nJXuLnG3wkknJz0r023n+i+X72DhcTiv09OpS3QTIZIBIw/GYyMYLVqpzVcrMGsfvOo9PU/g17Wl9TFC3Z/n1Aeu262wJ/9CiSGKaN7JA97Hjpcxpx1Bbuj31WyanHn+gnTU1g588nnHeq0Zqpul9QVMr7ZUExQmU58KQHAaSfr+S6CtqQ/Ja9j25+HpOcjGQfZc5ebjgtJw31x/tHaI5IrRWSeI2Vjf7mQEux7HI+uB6rZXlE4xVXFXQcMNZIHXG35E526nDyz67Bdjq9hC/oK9pGRKLi/wCjYpr+pvbGyd1AjsoA4dQIIIIHb5KVhPSF5bVSjJr7J6fK5EdNv2ylMo3z37Jjx8Q3wPZMz39MqunwaaS2olLs/l3WsXOLy/zcStI1GpLfF4t3tsTiYW7OlZvk9vILZrIwN90yJrGGpimHiQzDDmnzHmF02i6i7C4VTP8ARm3drGvHbg0S+zx5janhdrNmir9VPdartKRE+Z20Mxy0Aeg/yXXWmq8wRZaPwjcHIO3cLifzlcE5+D+vaO92aN8VsrHGoikiGA2TIcWbdv8AmF0E5BOYV3GjhZFbbvODqOyMZBUtdsXRjs8575BC+h7K4VxSVT9OGu6HiqOK+jbYS9voqyMfux8la4snBBy09irpH/dD5LSzkzhenOAgJR+IICABCEIAEIQgCM/JUNylkaWBoPxbZ9FV9ZB8vyVtvb3eAQDj4Hj4f+ApGOj2cZecS8QcR+de5W+A9dPBUU9A3pd1fhaC7/zErfGxxR2yz0tFGwBkMbWA/ILm5oaKbU3OVWvqSJZze6hz3n0DnY/QBdI2vLQB6+S889SVdkVH9Oz0xJNMnLvi+aafLB3yEzxQGHKZHL1Yz6ryarBy5Oocuyx8RJvuWir1U9WPCopHZ+hWinJY1t440yVEjesxCWbP1OP1W7vGkgcKtTOBIcKF4B9itKOQ1gPEu4HuRb37/wD+i9G0yCjps2uzMlI6IUo6qKI9suOfmvDceeFn/Sfw6uNpjHVUxg1VM3H45GgkNPsd17umH/V8J8i7f9FX9BlikHf4cYK4S2upUbrd+DJRyuTVbkF5nIOGNW3hRrKQ0ELJ3Q0csx2ZI5xJBz2yey6S01UyXpcA7DhlrvIjyK518ynKHT8R/veo9MzNoL31df3V3wMlcPNpG4Kxvwr5zuKPLjU/7P60tU1+tMTuhrJuoyRjt8L/ADXuOlavSuaSTlz+GBdWfO9I61j4+jJHfv2KmERE5JaGgn8QWpnD/wC0R4V6us7aqe7PslU04lprjH0dB9A4Zysi0POhwirYfEk15aIsHHTJLg/lhdHGcZdGFUoSz0ZucBl2PXOVDIf3jG4OCCTjsAtcNUfaB8GtNQVLo9YU14nYcCG3xOeR9Vq5xd+1OuV6idbtDWSOlhn6oRX1rXGQ5GPhYPn3+SZOexZbE/jyfSMhfaYcfLXQ6MZw5tFUyov1yqIzWNieHeBEM56sHbI7BWXkt0HJorhyyaeJ8UteTMOsYJb2H+vda/8ALry36g4q6rdrPWhmEdRP4pkqyXTTO8ic7gLoJT21ttoKelh6BHs1pxgMAHb2C8n9R6grhqhSef06SwpqHyJ3FjmNDhnA7gKXwgKcuDS5g3GWbrXrjtzXWPhhHVWi2dN0v4GQIz1MhHq4eYWo975qOKOsyWUE0wie4Ybbaff8wsKz9OuvHdPjJpO68be06ZwwTydbgHFp2wDgoNN4IwWPbj1GVy/ouZvivouY/f62rZGwj4anIJ/QLZvgHzhUOvKmK16jrv2dXlv45Pwu9/8AMpl76anb091LLwJSv1KfuZtLG8Ht5e2Ej/wn5pY+kwRvZM2oa8dTZGbtI9QUYBJHcey4qpCVPiRtxmprKIXHYnCjqC40dWwDJ+7OwR8+yqHR5acJ8I6GkFuQRhNsZeK4jJhJ5TRolyEXmDS3OjeKS4tbDLUiqgaJBu15cSAPnhdcqAEUkediB2+Zz/Vch+aTh3ceDPFO38UNNMJp31gmeQNmPHfq9l0E5U+aC0cwuhKWoppGw36liZFW0DnAkOAAL243LD5HzX0hZ1Fc0YShzwed6hSnCq89GdpBuk6y0O6SQT55SF4fuCCPZOY3I3Wk6bwZpqvzTckNi5j75Bd33eayXSnY1jZmsMgcB5EZGF7DlX5TbLyyWWsht1e+61le4PqaqVnS4n237LOM1MHSEnZSNxEAGgbDupYfJZEK0Oy3HtuqWo2a7Y/RSMkPT6lQl/WXDIyVK1nOBOMkYqHBnhtYCT2K5a/aW3OPUHHbS+nqd4kqqeElzR5OJwAt9eYLj5p/gNo+ouF4rom1L2ObTUjT+8lkxsPZc0eD8F05neYeu13fqfopaacVDoxnpAA+CMd/4v5LN1Ksrazcp8cGjZUFOojebRNsks2lLTRyAeJFSRMcB5EN3V7G/uoYYmRQBzQGk+XolY5znAOOy+Xrue+tKTfbPRaKxBIlzt2wEkkoiaHHupZQGxfIK0V9W9sfw+qv2fMSU8fxf0nTcTtD3iz1uDDURE04DBlsrexWkHKJe6vh1x1dY3vxTVT30ksTsjcbA/M5W99TVPhj6mHDmklue2VobxVim4X8y9PenBrYjUQ1XSNgcncfyXrGlyU7SVJ88GTcS96R0eiIGQPLzKqWu+H0wrLYa8XSggqo8eHMwPGPcZV+Y0CIbZ2Xj95BwuGmOpcIbs5Ux2JVWACfoqZwyT81nfbRqR+KEDd9+yCcEuTht3Shucg4x6J8PkhslnJ4XjbwupuLfD+sss7GmUtMlNKRvFKB8Lh/ktA+AXEG58rfMXbHXeWWnpYKv7tc4iCOqJ3whw9W75wunTZSzowM9JBAHqtL+fPg2K21Qa0tkPRLD+5qzEPiIySC723wvZPTGr4cbaqznb61UobkdSbPX090t8FZSzNmp6iNsrHMOW9LhkEfRX5m0Q+S0P8As2uY08R+Gn+yddUGTUGnh0eHMcGancfgPzbgg/Rb0U9Z4zGkdJa4bdJXrS6wji5w2vBVD8QQEgOQClQRAhCEACEIQBTOOO687rm8x2rTN0rM4NPSSvGO+egr0Egx37ZKxfzB1slv4SavqYWjxYrVOQf/AAO3/RNazlEsF7kjkByoRzXzmPrrvMwlxkqZST5Fx6h/NdDGVHVj5bLQPkceajilc3ukEgMMzmZ7kZwt8fEDHgLyf1RPFaEP+zuLKKiVL5Hdh5pYnFjgSdgnF7D0lRVE4EbwO4wFwDeYrBsOXLPN8Z5evhXqljcuf9we7C0n5GasRcXaqJp2kpJWZ+T8rd7VUX7U03eaZw6vGonswf8AhK5/csNedL8caemz0CWofAR23616Tp63abNLsy6snGUTp9SPH3CHf+Iq50o6uvPbCstA4uga30d+ivkXwuONwWry25SjUZbpLcssUt6uknyXm9UcNdP68jkpr5bIa5jgAwuaMt+q9Kd9lJA5kZc6V7IYmDqfJI7DQPmpKFecZpUW8k8tsY4NaNXci+h7w0yU0tVaHk7CF3UwfRY/n+zqpZ53OptVsiZ/CZYt1lbidzoaL0JV/s+kDr9NHI6OWSn2Y1w8gT3XgKb7QbTD6prKrT1TBETgvZMHOx8l39tDVlDO9mbKNHplut/2d1EyoP3zVksjD/8A1Kfpaf6rNHDXk74ecPpIJ30H7YuP8M9y+JoPqB6rx9Pzx8Oul8j23IEDPRsMryeovtBNOQn/AKos1ZUyt/AZZMYKkqUtTqx8e4gzCPSNvGPttlo5pSX01NTtJe4kBrGjz+S095keberulwdofh9FLLXSPMDqqP4pNxghm3c5O/bCxNqTmS4lceq9mmbbQVAir3iNlLSROLnZOPicB239Vubyucmlp4RWtt81DAy5auqfjfNUxB3gZ3w33HqtTTtHjRkqldZl/ZXc1Howxy5cjFbe5oNX8TxU1YqS2Vlme/sf8TnHc+uFu7YNCaY0XbWUVhsNBb4Y8YIgDz+ZGV6mJrIm+rvMn+SpqxzWQl2N100qiXEeihUqOTyjyWsOGum9c0P3e+WOhuDC0gudAxrhn0ONlpTzHchcVFSvvvDiudBOwmR1rc74tvJmP4vkt4rldzDE7B8vVeLulwNZK97ctcRjIKhdVtrJDuz2aIcHeazVPB2ri07rmlrayki2fBWAioib/iB8wPzW6+iuItg19bG3CxVrKuJ4HiNafijGMgEfXusZ8a+ANl40Wtpqz91udO3ENaw4ePUZ8wdvyWpdTpriPyxaojuNvifU2xji3xafL4pG482+RWLf6Pb6jF+NYkXre8nReO0dK8t+EAgkjbJ2KkDHMcMjG+Vq7wz57NPakoYaS+RstdyADHOkOIyfM79lsFpDX+ntdxA2O9W+vmG7oIqkOfn5LzW60G6tZ+1dG/Su6dRd4JdU6Ytmp7BWWq6UIr6Sp6upjjjpz3IWkHEPgfrPlv1WdU8Oa2tbSQnqjlgBJa3v4cjRs5vsdlvtK14BDo3D/FkbKBzW+L8X72IgjowHNPzB2K1tO1S50+W2WcIZdUoXEcM154N/ah0cjKK28Rba63VoBY+625pkhcfMujG7T74W5+j+POg+INPSz2DV1vrnTtyyF07GP2/3Sc59lqNxV5StFcRauor4KaOwXSUlzqikb4Qce56mD4Tla93jkC1RZZfHsV5pZ43ZezEr4JB8nNIXoVt6it6q93BytTTpp+15Ot1LqCgqWOcy4Uj2t7kTswP1VNXa0sFuhdLU3iihjaN3GduB+q4+P5XONdE2Rja+tkicd2R1hLfpuqF3KFxcu0rWSyVgjd3EtW/pH/mWj/lrVPKkVv4FXOMHUrV3N1wq0U1xq9XW+aRgyY6aTxHbfIrTPjV9qE+uFZa+GdrHhl+De6/IJPs07+3ZYksH2eup5akPu92o4Intw5vWXye6zlwr5I9EaQLZrjEbxPGc/wBs+KLPsB3+uVWuPUFrSi3GXJap6bL/AHmpVo0rxM5otX09XeKi43SF8/W+qfCRBEO2GldEOD3CSz8J9JU9so6cMnIEk5P4nSY7k+f/AKr2VtttFp22R0NupGU8DdmmNga0D0AHkph3GNtl5lrWuTv4qMXwb9taqjJNDHMy04Htn1TYgWyb9k90ohGT3VBUXAMJ3XAOk5zZvRWFwV1XO0R99l5y4ztLdj5ptZXPeCAVbJHukxkrStqUo4SFl0MqXdUZb3JyP1Wm3PNbTT3rT9yA+KWMwvOfMLcg4O3putbOdeyftLQNHX4+Khn6s48j6r0HRJyhX2S+0ZF2sYf4bBcvN8F+4W2OqedvBYwH1+Ef5LKYcOnHoVrVyQX39v8ACKlp3O8Q0U5a4Z/C0DYrZJx22XDaxHZdzT+mWreKlFsf1DIUB7n5oOUBc595LyWASt/Fv57IQ38Q+aMgOAIG5yrRqnTtJqiw3O1VcYlpa2Ixyh4BDcDuFefJN6dpN8dQIytmyuHRmpp8ohrR3RwcuNM6ivfJ3zBftZjZv2bS1jYKmIbOqKV2QDnz23+i7ScNdX2vWOl7Xf7RKJrbcYG1ERznAcM4Pvv2XPHnc4PR3/Rv+1FHB1VtG37vUBoz1Ru2yB65xul+zD5hJqWoquFt7qCXMaaq1hxzgAjMYJ/LC+jNIvf51CM1y8Hn99byhPKOpLHdY2TsqkpZupucYzvg+Snjd1HK3GZJIhJnKVIICEIQBTEZ7rH3HC1C8cNNT0AGXVFrqGDHr0Hb65KyCVZ9RQCamla4AtfG6Mg+YcCP6pv0SweJJnD/AJJquO1cZZKWV3SSZ4ADscg9l0BneC89O2/kuc+iKg6K5rK4OzDBDfZmOHY/jOy6HtkzM5p/hP8AzXl3qWg5V4yO4spKSSKsSOPc4CCeppad8pvUM4QJQ1wXAOnhYRrwpKSbY17Gz1QgIHS+nOR6rnHqGhl4fcb6qqjd4Zo7j4oJ226srovNU4c1zdnNZ05WlfOBo+Wg1PTX6nh8SnrYvicNh4rfL6rvtFn7PD+ozq9PCN7NGXOG82miuEMoljqIw8EHyI2Xp6Kpc6VzCck9s+S1f5M+IjtUcO4be4sfXUBLXMY7fo8lsvRuAqCSCepucBcBqthK2um/0s0JLxMuoZ4zgwOAd33K085xuY99sNRpfTtSYWQMxWTx/ETIf4PcjvgLOPMhxYg4S8K626Ne0XCaMw0jc/EHkdytUeTbgjLx14kVGsNRwy1dntr/ALw9j8lstQfn3Hsu19P6RShFXNVFC5ryjwX7lm5K7hxAtEeqNeiVtPVyNnpaBryHSRncvkH8OVsjeORDhReYGsGn5Le4D8dPUnPz3BWw1GGxU0MdNAKeBoEbIGDDWAdgFWGF/SCRjK7htLpGRKq285NP5/s0OHckrXsu96ijJ3YKgO/m0L01l+z04S2qSHxqSsuk4PU1tRO45x7BbM+A14w/cexVo1ZI602C41dI50VTHTSOZIDuCAmuX2yNzbXZadF6D0nw8phR2Sy0dtcw/A5jGl4z557g/qvZlrzIAXfw9srnjya8Q9S8Q+Y24RXa81dXSMjneYXyZYCCcbLomWtMmewxjZI5e7khy19kLO5znsrVd67woixu5HorhXTiBoHmvEanv0VvoH1s0rYqVgJklc4ANA8ynNbwbzwU10q5Oh3UOgY7k5XnHO6uo5yCe6wfrLnc0Dp64T0sc1Vc3xnHVTs6mOK9Fwo4/WHjBFUOtcc1PPCfjinABwqk6Thyhhkp7i1uxAHnsqC5Wymu1JLTVdPFVQyZzHKB0n55VSZw8EJXAuGwTKedwhrvxG5MdPapq5q6xTyWSueMkR5dGD6Y9M/NYPuvLPxX4e1zLnaJX1b6f8EtDKWOd825W/cD3NGOkndVVMZhUNIeWN82kAq05OXyJIzcXwaEW/mj4xcOeqO/QVE0bD0udW0xeNvLqC9bavtErpHCz77pmmLm/wAcEzmZ+mFuHeLVBd6R9NW08VVC45Ikgac/PbdeCu/ALQN0piyp0vQ4IwXRsLD+YKqTtrap84FxXUl2Y1sHP/pO6MYbrbZ6V7tndDy/B91kOzc2vDO6tYP2sackZxOwtDf0K8ZPyd8M56iQts7oA7f91O4Efqoq7kc4fu6RRTXCkGMkGUP7/MKnLR7SbzFYHwuJSy8mddNcUtI6kmAt17op3OOGhrxufqvUzPAawsIw45dk5z8vZc7+L3KnqXhXG6/abrZbpa6bMhePhlYPMYBx+m6yxye8xNfrCaPSeoGsMrWE0dSMl78fwk/1WNf6TKjTc6LLtGspSWTb+Msbg4G6mE46enbCt7pi5jHFrmE+ThuljnwQScbea8xuJSz7uzYpJZJ5gzqyO381D47WA7omqIg3PVurVWVsbQd/NV6cJTLOCasrW9HdWmepa49wFBU1rD54HkqN9R1FadC3jCWZEiJJZhjvuqV8pHnkpHSAhQuk6d8bFX1CKllDZdEokwdzgLEHM9SftHhFf2gZLIC8exCytLOWN2G/dY742iW58Nr9C1nUfur9gtzSZbbqGf1GZc8xMd/Z36g6rZfbWXn4mMlwfkFuo15dkdsLnbyKXR1DxMraIbRS02OldDIXd3ns4BZvqiko3jkvsns3mBU7HuO6Y7uU8DYEJju5XEMvAhn4kIYPjH5KNdgSnsEYJCMZOEZwQrEHhjZrOC2aktMF6tFRQVUImhqW+G5h99h+q5la8stx5XeaOguNCZIYKSsbUxFrSQ6Iuy7HtsV1GkaJWAO2wQfdaq89/Dsam0fT3+CMftGg/dvlx+JrjluT7FeoelNSlSrKi+mYF5bbk2dD+G+vLfr7R1o1FRTNNHcYBK0+jvMey9UJOxbtlc7PssOOcF805feHlxqSa63yCegZK4EmI9wPrldDKaXrAwMbeq9rxlZOKqQcZNFdGcg7/wCsKVQw9vr/AEUyYQAhCEAUw+IbFUFzp2VIa178MwTj5KqjccJ0sDZSM90wecMObjSr+EvNlfJWtLYq2sFxhznHSThbmaJ1NHetOW+uLw/71CyYEd9xv+q8j9rJwnYY9N8QaOEHwHmjqQ3uGucenH1GTleW5YtSQ6p4V0MccvXV25xppo87gblp+WM/kuX1ugpQ3HS2NTozwKsOOQdvVSNlDvb3VoYwspwCckkHZVYP7pmTtheVOl7uDraVVbeSplHV/wAPqsecUtCQ8ROHt5skr+mtDjUUT2DtI3f9QMfVe2L2mTpdKGN+qpnuipWukc8Nj8nHYfNbdjOVGominUal2aIcA9dT8GOKFK2uZJT0s0hgrGA46Xds/mui9Zr+02LS7r5c6plPb4YzI57judsgA+q0D5qYNLO1VFdLPcIX3ZwMVZTsHwuI7OGOxXmbHdeInHGns+jKcVF1p6Y9MbWNIbg7AyevT7911dbS6eoyjVmsYM3yqnlZPQ8Tdfao5reLVDZrTTzVFDJP0UtMG/3cWceIceQ7nzXUPgHwqt/BLhpbNMU5dNLE4yTT+cz9ySfbJP0AXheWHlWs/L7pyKokgjqdVVUbfvNxcz427fExp8gs8t3APkOwWnJRpxUYLCRnVKzk+RtSwui6Yz0kHOUNgIYA+QlSE5HcpFDuyVW8kf3dhB+M/JWbVtulr7BcaOl+KeakmawkbE9JwPmr6QP9BLnt6Jj5ETwaRcgnA/UWj9baz1Jqi2zWmWGQ0lPDOOlzySSXtPZzcLd/xCPZNB+LzOAkk2T3LIHntV3plppampky5sMJkIAznHkuWHG7j1qziddK2hpIq+K3OqHRtpqaJzS9uezguq11tX3wy4wQ9nSQfNeMoOFVkjnlqRaqSOdxyX+CDn3U0GsCHMfRPKZrrW80FRNb2Wa3PI6pasfGR5loH9Vt5wc5bbfwhbJJR1tRXVkwHiucNgtnKXTtNE5vQ10gG3hiMgK4R2uljOfu/QfMHZNm+BezHEFpcQ3II+iulNZOo+y97HQ0h7gH2wqptPAw/BASPlsqucPgDx1NptmMY/NXii0zBsXN/PZX9jQBhsTQh42z5+Se5YWRCzSaVgcD0AA+qtNTpAl+zs/ReyifhuShpHUc+/ZM8oGLq3Tj6eUk7qmkpiOnJ3AWRLzDE7q7ZAXibsxkLst8yq7qSJFwi01dLFNRVUMzQ6CaNzJGu7EEYXMy2zP4fcw1DHb5nQQQXItHScYaTjGy6P6ru7bXpy5V0zxHBFCT1u7ZwucHCS2y8UOO1LJIC9n359Q93f4B5/zVpVIunJy6wWKCxLg6affnSRwuBf09DTv7jKhmuBYwnPkrdBIWUsbXSZIGPp5KCd3U0/EV5BcUlOpJnUUeOytlumWgZ8lbKiqc8+eO6iJ2G6a49wFFGCgXVyPc7sm9Y9kwHdOUrHdCjceyZJhB8kyTslgsDopMY85Aydl5/WVO2fSl0iLch9PI0beyv7QC8g9sFWzVPw6cqenYfd5v/wAStOxltuYP+zPvElE0y5R6s0fHowtOA7rZt810og3ij9NguZPKWS/jzATuTK7+ZXTWn/uIj6pnqqKd1Fv8/wDwZZ/Flf8AwD5eShd3Km/hHmoB5rgpNLhGiKEMPxpUhCiAmyAT80gOScYGFG3YoI2J91MniOEKPJ7ee6tGpdMQaqs1wtdSxslPX0xhIcM4d5FXRnc/JSA/mtPTLl21ZTT6Ip01UWGclqCe/wDK3zAQXSIyR11lrRJOWZDZqXqy4e+2V3N4f6rota6dor5b5xNQ3CCOpgcD5PbnH6rmZz98NKR9rt2saeFzaqJ3h1RjGesZAOfbBCzX9lhxYZqnhhUaSrqx0tbZJz91bIfjfA7cf/adl9Jabeq6tVUXJwl/S8bfBvvFsMKYdlS07vFcXKpytYwRUJOpCAKKk+MfF/rdTOHTv5KC3PaQcH/WVVyDITBxr7zp8Pf+kDl/1hbo4PHqIaR1ZTtAyQ6MOdt+q5M8oeuv9n9YtonyuiguDDA+OU4HWP5ndd075AyWhlEzA+MtLHtd2LTsQfzXGbng5eqvgPxSbqLTbxHpy6VBqY3QPx4U38Q+RyPbZU7u3/kU9pp2lVRkos20aRPC0xYfsN2ds+atWqNW2zR9tfVXe401HCAC0F2Xe+y06puaHUlZpCCioXNjro2hhmgPUcj29Vf+HvK/xi49Rmtr6ie3Wt5DjUXmQgkHcFsfmuMWixy3I6J14xj2ep1jzeU0FbW0dip3OEJ+CWaQEP8AkvCWe8cX+YGqfHaY6+akd+764mlkbfmcbLbXhX9n1o3RFXTVt/fJqauhII8QBkZPnkei2ls9lt+m6VtNa7fTW+naMCOkADce/qtKlZ0aXKRTqXMnxE0T4bfZt11dPS1msrsGuaRK+lpz1l/mQ52Ct1tAcJ9L8MLeyCwWyCklDfikY0Z/PGV6ljy4Zx374CdnYDyV/MVHBScm3yMfLJIB1HqI9QpI89Bz6JC0D0TmjAKqyeVgaxyEIUQgIQhACYwcpXb/ACQhADCwHPyVOGhjsNA+qqvVQOjOSjoBGv6Bs1u/mmtOX47/ADTvCKc2MgpcgPw3b4d/UBPIBJ6T88hIwfDslf8AzULfuAUNLm7EZSOBBAOPoo3HpaPP3T6dhkk9ksmsANcCB6Jhk6O++yqZYi0kY7d1bq49DAoALRfJsBxB/JeIuNV1ygefzV91BWjDmjuVjnVmomaWtVZeKoF8NDG6YsH8R8hn5/1SqDl0hUv0wBzpcV26d05T6Vp5c1Fd+8l6HYMTcYGV5Hkz4fPtdpl1ZU/A6tDqanD2HPQzYuHzysSWO21/MtxmqZ658hppJi95Jy2NgPb27Le622mnsdnpbVRxsipKRoZC2PtjfJ+uyiv6qt6Gz7Nm3gl9FxZIQG4OR5BPMpAwmDHwjtskcCc4XnMl8uDZpp8AH5807zUbY3Zxt9VKGEAjsqb4Zdjn7GN7lOKRowe+SlKQeJn4sJrhkpcYwcocd8qRdcC9ETmgK16iP/UNc0/w08v6tV2cQ1gcTgFeM4vXdln4c32rbK1hFK8NdnABwtKwhKdxDH6Ubv8A02ahcpuG8wFKP8VTI38srptTf3ES5jcpELqjjVZ6kZBMj3u/L/NdOm/A2mGNukKT1OlKt/6K1i8qSK4tHS0KnOxwqguHQB54VOe5XnMo7WaoqEJMpoAD3+ScT5fVNxhHnjzTl0AN2Kf1HBHqmN7p5aRnbyTk2msCmPeOeiDrrhNqe3dIfLJTOkiGOzmjOB9BhaN8jGvXcKePttoq2f7hT3Zr7dI55/BJkAA+W5XSOSMTwvicMtcMFp81zE5uOH1Rwm4yNr6Hqgp53ff6R42aJOsE/wAivZ/SV/vpui/o5jVKT+vs7h2moLqdpIIJaO6uTHlwGyxRy98QoOJfCfTep2SiR9ZTsEvScgSBrQ79VlWMgYXqMZZWTjJLHCJMIS7+iE/KIyjoYAxucKSWYRHJOGhFbUCipXydsdvmtROd3nVo+XS10tntfg3HVte391B4nwQjOOt/oPL6Jo495zPc2mm+AGl62SpEdwvsrHCit3X/AHj8bdXmAuUWsdd8TucrX0VNXSTVdS6TwIaOjBFHSMIBDnAbA4Pfzwl0Xw54kc4XFCesudVPVCaXNXcJsup6eInJDAdjnyC6jcFeA2leCem4rfZaKP72Wj71WOGXzOxjJJH+uyZKSi1knpxlnKMR8s3JVpHhLboqq8Q0t/1EA3NTMzqjiIG/hjt+eVs591DQCHuewAMb1YHSB2AAUxIaC1rWgE57Jn+6sKdRttfRoxykMbEPU77dkCMYxk4UmMeeEmAq6kKNa3GycjGEJG8gI5PCY5PCawFQhCaAIQhAAhCEACPohCAE/wBd0JUIAa0DcE4wkJylOxzhI5+SfJRuOWA13ZT0MvRNjZUxdtgHJTqYETZ3KY1hAVUrup715+81AYwDz8lemvyZN/IrymoJu+/ZQgeYuFZG8yg7u8lq7zpa+jsfDqlskUjo6q4SnxunYmMb/wBVsk5gnfN8WHAEg57bLnrzGXmfifzC0lgpZeujheymLc5AIALj/RaVvjY5P8JEm2ZP5PNAQ2PSdZenMcJ6txDerz7ELYloyW7Y81YtJWOPTNgobbTtDI4Y25b74V9adwfNcdqU3WWcnSUaeyCQ9py9pTznyGc+SYzYp57ZwsGUeMGhB4BsoYMHpB9k4yl2cOyFF4Rdv8KQOMZOXMH0VB27kyZzJ8gAeqae43UYmY5wBkBLjgBUNbcoLc580s7I2NOD1PAx+ak/iVHxFZI/PFPDZce4PplI5pBaCcdQPTtkbLD2tOZPS+jy5hq33GoHxCKlAd049SFrpxG5u9Sajuzo7C4WyhfGQz4svOfP2Pst2w0WtVxvXBUrX9OC47NqOIHGvTmgYJjW1cdRK1p6aeJwc4OHYYWo/FnmGvvE+hNEI4rfbXSdTYYgcuYPVeV0lw51jxGq3STAMgmd4k1TV9QGPPA75+SzDeOD2nNDcP6+sZCaiviiP72QEjP1Xa29hb22EuzMndTrcP8A+jz3JVTCp4xUIBBaI5HAjbsF0qbhwj9gAudHJDRtn4vmpazpbFTOdn0yuiFLOJJAOoEgDzXnXqZrz4ResV7pYLo7Zo27jCgznB9VM8/C1QjYBefVfkbIqaO5+ScmjufkoBBzv9fkmt/GE53+vyTW/jQKIzuDnyCnB2BULW5cB22ClaMHB2CkXWBBHDBJ7rVL7QbQ3+0OgrTfYB/abTIWyHGR4L+/6ra8jGV4XjTpNus+G+oLV0B7paGQtDu2RuP5Lr/T107W7gm+yje01Ok0eP8AsuOI37W4RXLS80nVNaK7qha0/hicOx+q32gf1NaQe4yuPf2bGsxpfmPuWm5JHMiu9NIwN8nSxkkD9D+S6/214dSNPdfQlD3LP0ec1YuMmmV/U5Ch8RCn2oh2MxNzD8bKbg5wtvmpp+l1RSR4pad+/jyk4a0fXf5bri3pOx6v5ruNMUdVUz11fXzmStrpm9RhiLurpHlhucLaf7U7iTNXXXTOhoavMdNA641TA7AdI74Y27e2wHks2cjXAii4X8LKG+TUbor7dKdsszp2bta8AtwfkR+qbKSitzFjHc8IzBwj4T2bhDpKm0/YJHx00cQE0hA65HeZJXvHSOIAec+QIGEMaOokADI8k1/r9Vj3NbMva+DVitqwhpdkkYQPi3G2E0fiKdH2+qzm2OFIJPdGD6pyEwBoGe+6XpHslQgBpaE5CEACEIQAIQhAAhCEACEIQAIQhADXM6vNJ0J6CgCIw4Tox0OP5pT2TXHpH0Uc17UA0PxC+TyOy8XqKq6BsCeo4wF7CXa3uKx7qKbrf8t1WBHj9S3NtqsF8rXkMbT0sjiXHGD0khc7+Xpsmt+NL7jLCXTEy1Bd38zv+i3Y5lbu6w8E9UVmWtM0RhOfMFuP6rQHgNxTpuFOpDd6ymlrGGExMjh9StGlF+CX9k0XjB0UpxJ1Ne4bOaMHPsqlu+B9VqzNzp2lrGNjstWcDs52FSnniaJQGWH4e3xygLnKun1qqwkbMbuCWG+TbJmevdpA9cbIlqY4WkveG/mVpbf+dW+1TnCgt9LTtGwxLlY9v3MnrzUZd4dwkpWHbponEO/QhRx0eo3lsmV1D6Z0HuWqLVY4PFuVbBSsAz8crRkfmsZao5oNC2AvjguLKmYfwsHVlaTR2zV2uZW+L9/qnv8A4qnYfmV6nT3LPqWuePvVVBStkO3S49W60Kel0YczkMd3u4iZd1LzrU/3cst1rjlIdsZXdH1GFhDU/F7VXEy4yM+8VlU5x+GmicQ3HzCy7Y+VuyUL433OpmukoHxDGAD6bLKGmeHentNYNBaIKWQDHilgLv1VmLtKHx5M+pUqzn0asWHgJrDVHSaiJ9vifjJe7cBZ10Dy8WXRpiqa0i7VeB8NQQ5jPljzWWB4Zb0uleQNsdggsY0/ABj80jvFt9oihzliQtjhj8KGnjhgAx4bG+XzWNOY6tFBwvnZGT1SO6cfkskuBcD07HOywvzXXJtNoOjgzvLPh3yx/mktqjnUJEuckPIhS51Rdasj8FM1oPzK3tthBqA4H2WmXIvbCzTt3umOnqkbHv5jC3AstRmVpz5rgPUWP5DwbVlBx3SZ6x4PSMKHOG+ymjIfEN87KN7CwZ8j5LgKvZpiNIPuUob+I9tuyYNneyUHYqABTukA3ylyjKUAB6Tk+iUyA7Jjj8BKG+R9ku4GSiUEDPdQV8bZ6aSF3/awyR4+bU4bdKWbZ4d6BX7WbVeDz0yCeXFo5fcPrm/hHznWSpLhFFR6g8KYHYCN7iCP/Mu41kmE9I0syWHBa4+Y3/yXC/nAtZ01zA3irjJiklrIqsEHGMEHb812v4TXj9tcPrBWlwJqKKKUH5tGf1X1Dp81O3hJfh51drFWR68t3QlyPVC08Ip7mcMeMF3PHvmwq/3hqKaa/RW2Pp3a6JkjW7fquvFtpobfQ09JTgCClYKdgxgYYMdvTZcb+VB333mZ0M6bDh+1S90cu7nO6XOyfqMrsxRQ9VPE7OS8FxJ88k/5LKuai2YJrfl5KgAdLsDCp3HDR7qpd8LCfVU7sYH5rCyXyIfjKczt9UuMnON0oGEmRRUIQkAEIQgAQhCABCEIAEIQgAQhCABCEIAEIQgAQhCAG/wpkp+E+wT/ACQWBw380yfxQFNWO6bUXZzlYvvc2Zn743wskX6dtJbXRvODnKxLeqsOkJB7vwqqTYqMAc794fTcE5IGAlslQGv+RWnXBbg8OLFPVymsNIKR3h9I7OGFtnz0Et4ONc0tJNU34Vivk3o2N0/d5t+p85H5NW4nsoolgs9lTbOU6xU7Aa2snqXDf908tV0p+WXR0OOqnqJRn+OYrNL4xlo7fCEngEDuCPmsSpfOm8ItulD7MW27l50PTTBz7T1kD+J+QV6O38MdN0BP3Oy0gYPOSPK9TJCc5xtjGMp0L3xAtaMA+6zpXlWTzkV04x6RR0tnNKAI4aeOEdhAMKoMQacNa4AeR7qoEhBBAId/iCaXGRxO7vmofNJvLY/GPopnRbDGfzSOB+fz3VQ7GPMJCB+ailUy+SWMG+ShJcOw7JwJIyVUvHoAoSDk5x3Ucproe1hDS4AuJHbJWsvOHcw02Sg6twwvePp/zWzEuHRuHbZai82znTcRRGTlopmtaPTIC3LDDkmQr6NjuUumNr4TUx6el1S8ybbbrYG11rstPkVh/gvTtoOGlhia0NxA1xHuQsn0UhAjx2PouM1tKVeTNajNJIyDbq4kNBOeyujnF+PMeoXkbZMct3x2XpGVLCwfEMrz+4p7XhGjGXBOBk4/kngYBwmskaceZU/T8GQBk91Rw0PzkixlGPkkc4g4xhNMhGR5ewRuHA7ZhQ3fCGO69jsFUNibnbZNzzkPogG4GPJNqXhjS093DAVSWNA8lR1rQ5wOcgK/bc1Isgmmos5z8/1AIeMTJ24EktI2VmRsCMYyur3LRUT13AvQ9RUOjc+S1xZ6G47Bcr/tC4XN4l2yozs+3uxn2C6dcqFW+bl70G89/wBkwHHzC+m9IWLOm/6PPr1f+VmZcj1P5oUHi+36IW5uZS2nCbgyxvD7mntFLcvgqrJf3UssrtgQ5xbn8nLsxQOjFFFHGT0MHQHE5yMdwuS3Pnoer4Rczd8vccbW097LLlTyRns8OZnA8z8J/NdIOXPX8XE3hLYtRCdkks9JHHI1v8DmjByPosG4i2shQe1mT5HAAjOygwVURtaWu36seaRrOx9VmtY7NNkOD6FH0U5Zv5pkjMMyEwQjQg7FCABCEIAEIQgAQhCABCEIAEIQgAQjKEACEIygAQhJuUAGNiE6IB7tzs1NVHXVwoonEnG3fKjqPEQPNa4uHU9rQ7ZY8qoDK4A7nqyr5eq81lS5536j29sq3TH+0x4UVLljkah8+V5MFitFoY7+/kc9zf8AhVt5UaAW7RBkc3pdUyGT9CvI88F9Nx4sRW4OJjo4gSAf8WcrNXAyyCl4d2P92WSGnBeMee/+at3dXx0C5ShuWT17+wxtloCj8MO/i/VegNpyG/D5YTv9nmOGSD+a4p1nnMi2oOTR54xEn1TXQ4Gd16I6fb6kKGawO6D0u/VJ50XNiLH0kAEEj+qcGyYOxx7qvFilaQcn5ZT22uVmcnBTfKxPGW9kTnjBTXxFpPfZXeGlewHq+JNmpx3wFKnuFxgs4AI77ptQwdbekjdVU8PSDt81SPGCAUNEcl9EPh/A7qI/CtPOaNzp+I73/wDdxsH6BbizN6oZMHB6StL+ZeV8vESoGezW/wAgug0tqcsMr4xI3I4TyCXh7aX9v7M3b/whZAonDwWYO68Nw1gbFw/tAA2NMz/8QvW08rgyID9FyepxzXlku0+keppJXDsd8dlVU9yk+mVZaSZ7ZNvTuFUxktafmubr2cXyacFweuoawlrM+avTJWmHuvEwVhja3Dldaa6btBKyatvgmS5L9ufJHQ49xj3VCLkMb7p7bmM77D0VLw5HlS5rmhAfgj1VMa4PbhRSVoHZMdBvoCqklwCqSrqmtY8dWCRsqGeudjY/RWq5Vzo6d7gAXAZGStSytnOaTGTeIs0Q5+78LjxNoqNrHONLRYbjzc4/+q6t8vNk/wBmuDmh7Zk9UFmpg4HuD05wfzK498erjLrnmPFHCDM1tXHSNjAyX4JBx+f6LtrpS2G12i3UnbwaeNmMdgBsP1X0hp0NltCH9HnV481Wz0o7D4R+aEIWmVTRH7TvgZUcQ+ElHqq00jp7tYXOklEQ+I078ZAHsd1q3yFczLeFmo4dGahqw7TNz/dwzdYb93mPue3p+i633e0xXq2z0NQxslLO0xysc3IdGe4x7rklz08ntTwU1A/VenqeWfSNwLnSRwnpZbyD8DSe4Gdw7zJWbJblgrxeOjpzR3qGaCN9O4GKRoLXZz1D1Vwp584yQVzx5OOb/wDaLaLQ+sKzoron+FQ3CokIa+MDZh9XLeSgv7JfPG+2CD/JZVWLi8M0YVFNHszJukc4OGD2VspLgyUY6wD7qqL8Nz5KuTBJsdkrcAfF+iYAXuCcGEj0SCgN0qTp6fdKgAQhCABB7IQeyAEPYpWgE7pshAadkRnt5IAcQOvCHbDOE4tzk7pjggBoJLsJ4AIz2TBu5SYBbjOEADi0DsmA47p5AAHmmtc1uSgB7gCBjsqYSFrzkqV87C30Vsra9kJduM+iAKuprGxx7YBXldQ3QPiLSRgj0TLjf8DuvNV9wNSCd8JsllCZKaWRrnEgdlYdZauotE6cr75XSt8OliJawuA6nY2Cr6mvjpKKaaYhkLW4c9xwAtCebnmEj19c6fTFoeZrZSuLJ3wHaU5/Dt338/ZFCGZ/0WIQ3MxtqPU9dxg4qOrJosyVdQHtGBuzO3b2K3+0lbG2iz01LGPhjY1pJHngLXflU4JG1xy6iutGIaqQB0LXnqwD54PstoYYgHEgbk9Tj6rH1S72vxwNejSxHJVFoI3xn0T2xh0IOMZTAet3lsq2Fn7jJXIVapepwX2RNpWFu7c7eip5aEO9cKudKGtHqkEwBG2dlD58EuyBaZqItxhxG6o5KV+/mR5r0UjOvGwVNLSg58k2Nz7uWM2p9FhdCW91E9h3CvE9IOn6qilhxnAWjTqbmMlDBa5IQW77+4VBW0gL8g9IHkFdpGbHZQuhY5vSTur25EOC0iFngvGcnBG60w5nrYaPXzJHAjx4gcFbqVFF4UUjmk5AOy1z5rdKOrLJS3mIZlp9pcDOWgevzIWvptVRrLBWmsPKNgOGYD+HtmcHBwNMzGD/ALgXo4YjG4HO3ksW8sV/iu3Ce2N6jilzTyZ3DXAdv5LKmSX5/h8lT1OC/lN4LEeuC7wShrerz9VUxzFzCrR4/S3AKnppT07krAqxbNKnJJF0ZJnGVV0suDucq2Rv6hhTQvIyPNYtamyypZZeRVMA9041oH8RVn6z7o6z7qn4yQvDasvOzvPtlVDJi73PoFYopixwODt6KsjrA3GQQU6nDMsCbsZRUVEvSCfNWG+17aa2zyueGhkbjknZXOskc6MubuAO6wLzVa3k0fwzrI4pWsrLlG6Bgzu0HbqC6vTrRTmlFFGvXjCLMQcmuiP+mDnIpbpOM0dvnqLjMXjId0uzH+f9F2UpgHVEj/U/+i5z/ZcaBdRWLUesns+OvmFFTv6c/CzHV8t/5roxQO+GIEYJC9rpU/HSjH+jzqvLdNsrgRj8IQmHuUKQgyU3U0DBbhWTWOirXryxVlsutJDV0c8LoXslaDhrtjsVfZIxuoj6d/X3WflDcHGnm75Q7vwA1TLfrHDNUad8UyRVMQ/92cfLI+WF6flp50oyyHT2rZH0jIj0RXI7td5Dr/lldVNVaRpdV6fuNqraZtZR1kLoZoJO0jT3BXM/mq+zZuOlC/UPDSGS5UAaXy2iUEzRnufD/wAQUU4qSHptG19q1hFV0rKuhrYa+ncA4SQvzt/VewtOqhWw9IduO+VyV4Ycxes+C089vllFRTwyeHUW6uYT0EYy0f4T6LcPhPzgaK1zHHDNUCy3CU7xzuy0n2csydKUS9CqmjcWmuQkxg91XR1o8yMrFlo1HHLGJoqgTU53ErHZBH0Vd/tM57CGFxeD3KgawTp5WTJZma/skyvAUurZCGAkBw77q7U2pgW/Ef1SD1Fs9VlNJGcE91YW6lYZO47qqF7ppHZcRn5pcBhl1BGEgIJxlUcd2pQNyCU/9rUmc7Z+aMBgnmyGhMp3ZPsqWa8xkEDGCVTtvDIu5G6QNrL+38O5TXgAZ7KyHUEe+4+ahlv7QN5QgXBeJJOg9wU1s+B8RCsEl8YQSJGklW+e+vBP7wIDaeqluUUR7qjqNRwQtOdsLxdZfC4kh5P1VmqLoZXO8TKUTB7Ss1ZC8fBjzVjr9Q+JkdW3zXmny4kaOouL/wALWjJKjuDXUzHunBgjA6jI/YAeu6XAzLLp98bUHffKirrtbrFEKi5VUdLTNb1ue/0WBOI/NXo7h8IoIphe6lrj/wC6yAM6hsQStUOKPHjVXHC9up6WZ9JQknwqKFpd1N9DjupdixySQpynjCMl8x/NO3VtNcdK6SjkZbjIRNXMJa6TB7NHoeys/LvwDF0po9SX2kfHGQDSUvR/fYO537j3Vx5fuVSW41AvuqxNT07CHwUg26sHPxD0W1k7aSmZE2kpRRwxDoZEz8OMYWLd3sKS8cXya9Og8cIoaSlhoQGwR9EYH4R8ld6N3iUxd55wrc8YjccbKroD+7AHZchc1XJtlynCS4ZWQ9+23qqxzyIABsqdoAYcbBSA/u2rKcsk6eAa3qxlNxhx9kM/F/RK09yd90xvjAucvBM1+42wnPIz6lQZwQUvXnuquOex4krQ4KhqYwM4+SrSOpRSRq7Tq7WBY6hhydsKm6P9AK7Tw5791QSx4d/RaanujubIpLHJRzx9cTgdsrxusdMQ6ks9Xb6qPxYp4nM6e3p/kvZ1AOCBlUsseW7DdT29edOe4hktxrZy43qbRGu7jpC4sMVPh0kQft1Ozsf5LaZp6sHyPYrDnEThZUXC5UWpLAI23yCo8SYy9nxYwQMLLNC1/wCzaJ0xzUeC3rx2BWxfVo1sVF9joxx0Vnc4U8ALWZx8wqaA5fk9lVMI3KxJvgsQ5eCqifsq2ADBI2VC1w2CnjcW7Z7rHqNZLkF7isGM9wlwoCSdsqTs0hQP/oneF2x3Tv7Jer0UZf0tP9UgkbtvnfOFbp005dCZSTbG3CpdTUM0rWl4YMloOMj0XPHjtrKv418SY7baC6dv3kUtLECSJA1wBcB5brZzma40f9H+nhZ7a4Ou9zDo2kP+KFp7HHqewCT7PDlsfcqxvEXVNtJlgaf2XHJEQJT1Z8Tf1OTlemaBYqC8lSJyl/cRTaibx8tPCeHhBwm07paEFtRFGJqn3kc3Lx+ay6B4ZaR2GyjoKTpja87OIyQPJVQi27ruHLPRyUnlkfiH0QpPCCE3IzAssLu2EkdK5xBwqv8AH3GyUEt7Aqt4hxSOc9uwGCopad0+PFb1AdtlWlnUSfJO6sdglVLkDWPmA5GeHvG4y10tvist+cSRcaECNzjj+MDHUueXF77PnibwtkqpbRRM1RaYHF8VVQHEuDv8Q8j7Bdp5D1tLSAWkbqkNDB048PA9AmujkMs4FWfi5xF4SXaGkjrqunmjaM0VaHdQ9sE/0WwnDfn78WD7nrO1yQSjA8ani6i31JAXSrifwL0JxJpJodR6coLgzpOXyRNa9gx36hgriZzC2aw6f4p6lsukonutFHUiliw7qw8F2RkfJV6lHHZNTk3JI6DaP5idB60a1luvVMKh3aOZ3huB9MFZJo65kzGvjmjlZjOY5Wn+q5bXDlw19YbNRXZllrqimqGtez7o1z3tBGQfZUMWqtd6GmHTd7taZYiMMlDgc/U7fmqXii37WasZyR1nE5aGua89RPZNkrnh27iuZFp5tuJ1kDPFvjqyLyE25/qvVUXPVq+B+Kijo6ogfxh4z9RhMdF9D/Kvs6Hsur2tx1Ej2T/2sPOQt+YWhtv59rwT+909SOz5xyuCusfPu8HE2mg75VSTwscqiN2f2lJk4flBq5pdvFI+RWjtXz81MZ6qfTDB/wAdQ7+YVM77QC6jAbpmBrj2Iq5P5YR4XgHUTRvOXzk4E/0UbhUP/jG3uuf19579X1PV9xttJTdXn1l5C8ZcObziNO8O/bDqc9/DZDt+ZKilRf6Q5X0dM2iSPd0p+QKpnXilponPqZhEzuC9wH8yuYk3NFxJriQ3UVUzP/dgN/qrHW6i4ia7kAkq73cXOOwj6nZ/LZR+LLw2GcnTC+cVtLWR/wDar7bKdvSSc1Ac7b2Cw7qnnT0LYzNHSTS3WoZ28FuGH6rUay8tXE7VtVC2GxVjA8/31WSwfUlZk079nprm7Rwi7XG22qnIPwtf1uCWat6PM5hh/SINUc+d3rP3Wnbcy1S4OJ5j1n6BYg1Jxv4jcR658dddamsE4DRDGXAE+nS1bfaU+z7sFqMRvV/muTW7mKJmGk+mRus6aO4K6T4dBhs1kpxM0YEnTk4/8SyrrV7a2jujyWoW1SS3M0X4PclOquJEVBWX1rbRbGkuElQcOcDucN/zW6PC3l10bwrHXQUEVdcGjBqpmA7+w8/qso0rW0waAAwkeXl7KcNDsHG/yXEXuv1K6fOEa1K0cUnktlVQR1UPTI1oHkWtAAXjrrYHRfD05jG4cFkMxhwwdvdMloI3MwRnPkuaWovfya8aSwYkqKJ+HYB/JLRwOjGHZCyPW6dZNCTF05H6LytxsdRQnrOXsPmAr0Lp1l2JKnjst3V0tIHZSj+6aqdx8sqoBHhADdPyJsjgGH4kjd8geuUMcGvGe3qnR9/b2TucCOCS4QYOyMFSgN7Z3ThHkH08lDgiawQAYSO7dlOYs+fZBj6jjtsnbcoTBbZgcfVUM0eXA43V5lhyPdUNTCRID29FbhL9GtotU8JwcqF8GGjZXGaMny3UTo9hkb+60ljCG5/EW8UrRlzctk9cqQR+G0AHbG6lc3JO3mmOyBvsn7uBf+giPSceRVQyRUmfi7/EpmHB33PZV6sscD6fD5Kxr8uCqI3ZP6KliYcqWOVrCSXAAHfJwqk45WS1D5FdnsD3Urchu/zVO17HjIkbjPqoKy40lsjkkrqlkEYGSXbdI+qdSoTnJYQlWrsRUzdLmAOPSSdiPNYx4vcabFwooMT1TK26ygGnoojv83eeM+ix3xi5qLfYLZVW7TNS+ruLiWNqSMsjG+Xbdz6BeD5cOWXVvM/rmmut9bWU2l4J2T1N1rGYfJ5+GzPcHPcbLvNM0hTcZV+DCvL5OG2PZR8EODmp+cDi9VXCtgkbZHStluNU9jmMDOoEMY7bB27jddhNK6FobDbKe3U0bYaanjZDHHF8IDWjAx+Sbobhzp/hxpuntFhtUVqoImhoZAR1PI83HzXqoJHAgbAeQXoEKMacUocI5ZzcuWyphb0gtDcAJQNkkbsF2eyXIITitLGRcf6whGPZCMDCTJHZJ1O9vyTug+pR0H1KcJkb1HCROLCBndIgMiYQTkbpSop5vAYHeZIAz2QJya688HGw8E+EN2uFM+FlyrWCjpfEO5c4Enb2AXK/lU4VXLjPxJZUzMfPSU1QKyvkds1xPue5Jz+i2R+1b4j09+4j6c0XC+OeG3033qpx/wB8/LW7f7rAT/4j7LIvIjwjj0JwrZcJ4PDuF1d94fkn4Wdmgeo7LntVuvBTfODRtqTlJM2ZsVtp7dQRwMjHRE3w4wdgGjtkdj9VYdUcKtJ6vnlku2n7fXdQxmSEA/mO69M12CcDGAndZJPovMHqNZSymbijDrBg+/cnfCu6uHVpqKHJ3MLi1eTr/s/OFdUT4dNcKcnfMdR2/NbMyN6gCfJSN6SN/wBE7/MV0ux+yn9xNWG/Z38M3RFni3cb9+sJP/Z08N27Nqbt/wDeFtSMA7Eperf8RTv81X/Q2Uv+Jql/7O3hqw5+8XQEf/P/AOSuVu5CeFtL/fQV1SfImff+S2XOwJHdJk7eqP8ANV39ibKbXETXv/8AQtwolJabdXFp2INURt+Skg5FeF1OAG2x72g7CR5JH6rYBuckj80GV3l2TJavcS++Sbw08fExTpvlV4c6Zk66fT1HI4b5nj6/5r3tq0RYbDB00NmoqYZ2bFEAFeXucewUTWdOTk5z5qtO/ry5ch6hBdRI3UsOwETWNx+EdlQzMBJDR0j09Fcs5Kop2YeVm1bqpJ5yTRpxfGCgfSuJ+HzTfBcCcjKrA8/kkcerJzgLNr1d65NKNHCKYdLQM4StwfJK5gITQ3o7FZFX45JsYBLnGUJCqfQINgR0bOTJYm1DcSM8+43/AET/AMPvlNL3bAdlJGpKPxY9SaLBdtKQzdUkY6XHfLTt9V5attdRRO2aS31G4WRsYJIOM/qoJKZkzCHgN+mcrXo3MmvcJx9GN2kdWHDB9k7pLWktXrLnpqOTLoMMPr6rzNRb56KXD2nGe/kr0a/GAI4cl/ruqwEN8t1SxvLX7jG6ndO0jHn5qRS3DJRyTPILMBRdRaUvWCwY7qJziSpMEezCwI52/wCqgnAc4Hulkft6FAPUAVJTjzyV5RxyUT2bdvdU72b5x5KtlOT9CqZ/9FoReeCNFvk2co5B8IU0oBefRRS9gnPgmXQw9x7pRjxPTdIe6Y8kEEd8o4kwLrGQOrJx8KxXrriTddIyyup7HJdI2E5LcgN32WTJekNYS4gkYKg+7QmZ++53PuVZo04uXPQqk49GrOpebvUluiIp9O01K5x6S9zS4sWMpdU8Q+PWqqayWyStu1xqH5ZRRv8Ah6QNzsNh81uDxP0JS6s0pWUP3aI1MsbhFIGgFjsbO2WsfJdqlmguaXTkTqgQPNW+hnL+xB2/Ur0GypUtqcYpmHf15xXBsPwC+zKu9TdaO68TbgyKhY4Si0Uzz1SEEHpefJvyXRKx6UorDT0VHQUUFPb6aMRwxMb09AHbsr0YGBjJGY6nDBOd9lWRnJHVjOF0FOm0cxUquTbZAQWjGO2ykgGXg9lMWNwcjulZGBjCvRK+7JM78KYBv6J7vJJj4QgOxetCjyfdCBcFww30RhvolQgaMezLSBncqPwiVOkx8kAUrx0d1atR3SKz2uarlPSyFjpSfIBoJyfyV3qVrR9oNxDl4d8tWoKmmqPu9dcAy30z2kg9b8nYj0a1x9wCmt7VkVHMe7XWTmU5vZZ2P+/0dwunhg9h4DTgn9CuqdhsEWm7fTUNKwR01LF4LGt8mjGFz0+zp4ZtuevqzVFTTltDQU3hNDtx4kp2H8vqukcjOj4TtgYXmPqG78tXYjobSOIZIXODjjHZNLw3YBBOHHyymgdJyfRcQ5RyakEn2OL8gFOGHDIOyjJBGykaMDHkopNfQtSKS4HY90EH1SoUOStkZ3zjZGMeyUDPV7FNcckJ/DJ1H25AbAoRnIJShDeC9HiKEPy/JNcMj3T0jkb3jAuSM4bjuqaSLqcTvuqogFMcMg+qjayKlh5KIw9P1THsIyO3uquRpAHyUL/P1VKaxksRqy6KJzOlIcFSPGO6jIwVl3GVHgnc+OAJCTcFCB5Kk2/weusjegnJJ7eiY+QRgKZvZypKn8WPJIiTaTRyBxCa/cHBwm04GSkP4z81KpsGhB1F2PTbPkoKmiiljPW0HPqqs7ZKUAOaAeycq0kyN8HnqizRu3Y3CoJ7I/fpZt7L2L4B7Y9QonUwIOP181fpV3uwx6weKmonQjBbhUUoLCvdzUccjcOVuqbQx52AWk6+O2PaTPFv6wM4SNfjbGDhehmsmfwjHyVqr6E0j8E9xkJ1O5TeEQ1IJot0m4KpZ39JJU8ko6iP5KkqiCSFr021yUZLDKeR4cSFC9w6Wp2PiUbvwt+qncsii93Z9AmvZ1AeoTh5/JL5pqk0xSofMHNYOnOPVNMoJcekDZRsHdIe2fNXqTEAOE0UhPdrDj5rQTihancNOPk1fRnw3RTCqjI23yHbfVb8SO8AtA26lpzznWk2/WltuDG9Ili6RjzIG/8AMLq9Iqyc9sjIvY7oM7LaHu7dQ6Nsdyjw5tVSRz5B/wATQf6/ovSNHRg+awLyRaufrTlx0fVyOD5KeibSPPn1RuLTlZ6Ls42z5LvVwso5CawyaMdTc9/knD4HAFNiB6NtkgyJd/dSRI8FTjb1+STG2B3TvI4/RNThonQhL0lCAyViEIQOBB7ISEoApquRsTXudsA0klctvtS+LrLrc9KaHhfL4VIz9oVLgdmucXNDT82gFdQroeqGZv8A8s/rsuFPMFc5+MHNNqSnbKXPqbyyhhZ1HpY2PDSwf681XuJbYMs01mJvNyJaMGmuCNHVSdIqrlP97dgeQJLR/JbKyHqyfXdea4f6Si0hpKy2WJzXNoKRkJc3sXAb/wA1fzKBkei8X1OpvrSeTp4QUIL9El2xgYTNic+SWSQOOw/JIBnY7LnGsj4txeRHAEbealacdu6YWhuMd0rNh80CyluH9kuU3JRkoIsCN2Lvml7n5IxgE987ob2z2S5LEeYDenb3S5T2s6nH3TvCx5olJFqPSIkhOVIWAH+qj/iwm7kPAkBMO4Kk7JAM58gk3pClPKDgZ3UEjfiJ9FXOiDm77qCSDvjIVST3N4Fzgt7xn3KheDk+qrJIwN1C6P4/mFTl+D4MpyCPJK7y+Se5mB55TSNwmJF9dCNP4vqqSp/Gqto7n5qnnj6jn3WcyVdBT79WE0/jd80sZ6CQN007kn1SIGSHt9UjyQz0SB++6CQ/IPmhcEbi2N8UkjfskLnE58vUJXYYG+aZ1AgnZOjLEsixWBjpHDpHSnNd1HcID+ryThj6p8qkmyQYWReZx27BU8tpguJcxw2x38wp3RtI7YSxP+7vyO6dTliW5diY4PA3zTk1BLJ0Z8Ib5yrDURluM77LJl5/f08oOMOByvA3SmDAcHOF2FtU8kE32UqkdrLM8/EmuGWhSlm+6YW+SukQ0b5+SXzSAYyEqQBzTjKNseqbnCOo74Cu0pKK5EFd3BIGVrlzlWJlRp23XEYL4p/DJPfBbn+i2OaxxaSdyOyw3zU2x1dwjrqsf/CzRydvR2D+hXRaXNKrEo3CzTZsV9lbefv3LxNTuORS18gGf989Z/mtyHnqIIWhf2Tdxjdwy1RbhIDUQV7JHRZ3DSwAH8wVvqCwHJdv6L0iPRxVTiTKqBwZFkqCaoiDXydX4ASfkO5Xg+KfGTTvCTTs921LcKe2UcYHR40oa+V3o1vc/RczeY77Q3U3F+lr9KaJt5sNjmcY3XBzn/eKrB7NcBlu22B3Q5qC3N8EUVl4No+aj7Q7T/CY1lg0kYr9qVuxkbL/AGaI+pcO+PZakWT7UfivbLxDV3A2+824SDxaBtOWue079LTkYPuVW8vHJ6/V4p9SaugLKUjxW0Dm/vJN+7vUKj54eCemtAwabu+m7eygZUSeFNGzdnb4d/VZ61KlOqqVPnJNUozprMlwbH0v2m+mq2lhqJrbU00srBI+EVQ/duIyW/3R7du5QuWLZJA0Ay4ONwMbIV/zzM/zUz6V0IQrBYBNJCV3ZU2c+vqj7A8Jxm1rHonh1q28klslst01S0k7EhmQPzIXGbk+pHa15gbJcKzL5X1M90qC/cPJI+I/UrpH9pJrmTRnLffoIZfBmu0sVC4txkxu+IjPvjC0i+zi06yr1tqCqczLqKiZCx+O3U4H+iytSntoSZdpdLB0jjcfEl6dvjIwPmVCeokn1PZTucI5WgfikO4/qmtYWNxncLw+4q7ps6nCaTZFghw6vyUrc+QSOHVg+aljGyzW8MZJY4GO7e6AcDt+ikLc+Sbj2SbxuGNyP9BGR/oJ2B6FGB6FG8MMAetpQ0fD2QD5dk9h7/NLuJois77qTCY0bp6STLMXlEb1Dt9VM9QtGXlMJEKO/slcfdKTgBIdifmoZTBDx+EJkjdinMOWkpj37OTYPOQZRytyFCdpdvTyU0jvPsoCf3n0yq0vkySBBJ5fJMP4gnyeXyCYfxBIaC+Ig7KGb+qmHZQy/wBVmvtkq6IfMpUeZQmIBEA4PyQeyQfxJwA8jbPb2TADunkZ3SBMESS6EDcJUIQKId/ZQS7vCnKp6g4lz5KWn8hVyikrN4n/ACK8hdmbFeuqd4znfK8xdWdR8/RdFaSxgrVVzk8w9uHnbzUbx7Kqe34n59VTuGNl0HZVIUJxamhLgAKRp6ST+iUph7JUIyaOc9BB2WPOOdKbhwd1HEACSxzsfVq99j9F4vi2HO4e32Nv/cOJH0/5LesZbKkcFWtzA8f9lfqePTeuNeff7hDSUz7RFUkSyhrWubIBnfv3WeuPP2lei9FCptujI3aovTXCN0nieFFTuGxJ/wAQ+S5VWuvuEFfJDSSzNfURtidFA4gyNOdtu6zpwu5b7hf7rS3i8UslHSOHUIn4BeMk4I8xuvR1cbFukcfOk5VMFqulx4qc0+rhU3ypqbhS+KDG9nX4MLc9g3JH174W4vAflQsOh7bDVXSnjuF0edpJx1NjP+63sq3RNppNLW91HbKWKiYw9P7tvdZQsF2aynjD2nqHd2e64TVtTq1MuPRuWlvFJPB6a3sbATl3U2Npa0tGMDyWnv2iN6ii05pO0fCKiSsZNt5Ma0klbbQVzXB5G+fL1XOfm71DU8VOZChsFCTM2CantdOM7Ave0P8A5lO9OydSpvaE1GKVPDMR0vCO+XKlhq4qKTwqhglb+7PZwyP5oXabT3A+2WqwWyiMcGaalih+KDJ+FgHf6IXou9HH+Kn/AMTP6EIVklEd2VM38J+SEJF2Bov9qt8XAgZ3/wCs4O//AAuWAfs1h/a9aHz64N/qEIWLq/8A8aRet+0b8Sf/ALtS/wDCP5KQ/jd9f5oQvDKnzZ1H+wB3anju5CFUl2Nl8gTcIQoxQwghCEAIO31UjPwoQlQ6PbHM7p/mUITmWYfEjeomfjKEJGSIV3YId3PzQhV5BHoVn92on9j80ISQ+wZQyfhPzTP+0/8AChCry+TJIEMnl8gmH8QQhIaC+Ig7KGX+qELNfbJV0ReZQhCYgEPZIP4kITgF8imjshCYAIQhACenzVPV9/qhClp/IVFHP/dKwXMdvqhC3LT5Mr1Dy8394VTSeaELpl0VBh8/kmBCEoAUw9kITl2I+hT/AJLyPFH/APhF9/8AoH/8UIWza/6kSrV+Jo9wWjZLxQtwe1rwA3Zwz/EV0Eb/AHVJ7bD2Qhd9V/0Gc7H/AFGT2w/v5v8A6i9ZQkgD5oQuHvfizetPgi90pPQVzt4df2rnXswn/fA6pdnxPizgtx3Qha3pnuRQ1T4nY19TMHuAleBn/EUIQu0OaP/Z');
